subdistrict_code,subdistrict_name,district_code
83,Pangi,23
84,Chaurah,23
85,Saluni,23
86,Bhalai,23
87,Dalhousie,23
88,Bhattiyat,23
89,Sihunta,23
90,Chamba,23
91,Holi,23
92,Brahmaur,23
93,Nurpur,24
94,Indora,24
95,Fatehpur,24
96,Jawali,24
97,Harchakian,24
98,Shahpur,24
99,Dharmsala,24
100,Kangra,24
101,Nagrota Bagwan,24
102,Baroh,24
103,Dera Gopipur,24
104,Jawalamukhi,24
105,Jaswan,24
106,Rakkar,24
107,Khundian,24
108,Thural,24
109,Dhira,24
110,Jaisinghpur,24
111,Palampur,24
112,Baijnath,24
113,Multhan,24
114,Udaipur,25
115,Lahul,25
116,Spiti,25
117,Manali,26
118,Kullu,26
119,Sainj,26
120,Banjar,26
121,Ani,26
122,Nermand,26
123,Padhar,27
124,Jogindarnagar,27
125,Lad Bharol,27
126,Sandhol,27
127,Dharmpur,27
128,Kotli,27
129,Sarkaghat,27
130,Bhadrota,27
131,Baldwara,27
132,Sundarnagar,27
133,Mandi,27
134,Aut,27
135,Bali Chowki,27
136,Thunag,27
137,Chachyot,27
138,Nihri,27
139,Karsog,27
140,Tira Sujanpur,28
141,Nadaun,28
142,Galore,28
143,Hamirpur,28
144,Barsar,28
145,Dhatwal,28
146,Bhoranj,28
147,Bharwain,29
148,Amb,29
149,Bangana,29
150,Una,29
151,Haroli,29
152,Ghumarwin,30
153,Bharari,30
154,Jhanduta,30
155,Naina Devi,30
156,Bilaspur Sadar,30
157,Namhol,30
158,Arki,31
159,Darlaghat,31
160,Ramshahr,31
161,Nalagarh,31
162,Baddi,31
163,Krishangarh,31
164,Kasauli,31
165,Solan,31
166,Kandaghat,31
167,Rajgarh,32
168,Nohra,32
169,Pachhad,32
170,Renuka,32
171,Dadahu,32
172,Nahan,32
173,Paonta Sahib,32
174,Kamrau,32
175,Shalai,32
176,Ronhat,32
177,Rampur,33
178,Nankhari,33
179,Kumharsain,33
180,Seoni,33
181,Shimla   ( Rural ),33
183,Junga,33
184,Theog,33
185,Chaupal,33
186,Cheta,33
187,Nerua,33
188,Jubbal,33
189,Kotkhai,33
190,Tikar,33
191,Rohru,33
192,Chirgaon,33
193,Dodra Kwar,33
194,Hangrang,34
195,Poo,34
196,Morang,34
197,Kalpa,34
198,Nichar,34
199,Sangla,34
200,Dhar Kalan,35
201,Pathankot,35
202,Gurdaspur,35
203,Batala,35
204,Dera Baba Nanak,35
205,Bhulath,36
206,Kapurthala,36
207,Sultanpur Lodhi,36
208,Phagwara,36
209,Shahkot,37
210,Nakodar,37
211,Phillaur,37
212,Jalandhar - I,37
213,Jalandhar - II,37
214,Dasua,38
215,Mukerian,38
216,Hoshiarpur,38
217,Garhshankar,38
218,Nawanshahr,39
219,Balachaur,39
220,Bassi Pathana,40
221,Fatehgarh Sahib,40
222,Amloh,40
223,Khamanon,40
224,Samrala,41
225,Khanna,41
226,Payal,41
227,Ludhiana (East),41
228,Ludhiana (West),41
229,Raikot,41
230,Jagraon,41
231,Nihal Singhwala,42
232,Bagha Purana,42
233,Moga,42
234,Zira,43
235,Firozpur,43
236,Jalalabad,43
237,Fazilka,43
238,Abohar,43
239,Malout,44
240,Gidderbaha,44
241,Muktsar,44
242,Faridkot,45
243,Jaitu,45
244,Rampura Phul,46
245,Bathinda,46
246,Talwandi Sabo,46
247,Sardulgarh,47
248,Budhlada,47
249,Mansa,47
250,Samana,48
251,Patran,48
252,Nabha,48
253,Patiala,48
254,Rajpura,48
255,Ajnala,49
256,Amritsar -I,49
257,Amritsar- II,49
258,Baba Bakala,49
259,Tarn Taran,50
260,Patti,50
261,Khadur Sahib,50
262,Anandpur Sahib,51
263,Nangal,51
264,Rup Nagar,51
265,Chamkaur Sahib,51
266,Kharar,52
267,SAS Nagar (Mohali),52
268,Dera Bassi,52
269,Malerkotla,53
270,Dhuri,53
271,Sangrur,53
272,Sunam,53
273,Lehra,53
274,Moonak,53
275,Barnala,54
276,Tapa,54
356,Kalka,69
357,Panchkula,69
358,Naraingarh,70
359,Ambala,70
360,Barara,70
361,Jagadhri,71
362,Bilaspur,71
363,Chhachhrauli,71
364,Shahbad,72
365,Pehowa,72
366,Thanesar,72
367,Guhla,73
368,Kaithal,73
369,Fatehpur Pundri,73
370,Nilokheri,74
371,Indri,74
372,Karnal,74
373,Assandh,74
374,Gharaunda,74
375,Panipat,75
376,Israna,75
377,Samalkha,75
378,Gohana,76
379,Ganaur,76
380,Sonipat,76
381,Kharkhoda,76
382,Narwana,77
383,Jind,77
384,Julana,77
385,Safidon,77
386,Ratia,78
387,Tohana,78
388,Fatehabad,78
389,Dabwali,79
390,Sirsa,79
391,Rania,79
392,Ellenabad,79
393,Adampur,80
394,Hisar,80
395,Narnaund,80
396,Hansi,80
397,Bawani Khera,81
398,Bhiwani,81
399,Tosham,81
400,Siwani,81
401,Loharu,81
402,Dadri,81
403,Badhra,81
404,Maham,82
405,Rohtak,82
406,Sampla,82
407,Beri,83
408,Bahadurgarh,83
409,Jhajjar,83
410,Matenhail,83
411,Mahendragarh,84
412,Narnaul,84
413,Kosli,85
414,Rewari,85
415,Bawal,85
416,Pataudi,86
417,Gurgaon,86
418,Farrukhnagar,86
419,Manesar,86
420,Sohna,86
421,Taoru,87
422,Nuh,87
423,Ferozepur Jhirka,87
424,Punahana,87
425,Faridabad,88
426,Ballabgarh,88
427,Palwal,89
428,Hathin,89
429,Hodal,89
457,Karanpur,99
458,Ganganagar,99
459,Sadulshahar,99
460,Padampur,99
461,Raisinghnagar,99
462,Anupgarh,99
463,Gharsana,99
464,Vijainagar,99
465,Suratgarh,99
466,Sangaria,100
467,Tibi,100
468,Hanumangarh,100
469,Pilibanga,100
470,Rawatsar,100
471,Nohar,100
472,Bhadra,100
473,Bikaner,101
474,Poogal,101
475,Lunkaransar,101
476,Kolayat,101
477,Nokha,101
478,Khajuwala,101
479,Chhatargarh,101
480,Sridungargarh,101
481,Taranagar,102
482,Rajgarh,102
483,Sardarshahar,102
484,Churu,102
485,Ratangarh,102
486,Sujangarh,102
487,Jhunjhunun,103
488,Chirawa,103
489,Buhana,103
490,Khetri,103
491,Nawalgarh,103
492,Udaipurwati,103
493,Behror,104
494,Mandawar,104
495,Kotkasim,104
496,Tijara,104
497,Kishangarh Bas,104
498,Ramgarh,104
499,Alwar,104
500,Bansur,104
501,Thanagazi,104
502,Rajgarh,104
503,Lachhmangarh,104
504,Kathumar,104
505,Pahari,105
506,Kaman,105
507,Nagar,105
508,Deeg,105
509,Nadbai,105
510,Kumher,105
511,Bharatpur,105
512,Weir,105
513,Bayana,105
514,Rupbas,105
515,Baseri,106
516,Bari,106
517,Sepau,106
518,Dhaulpur,106
519,Rajakhera,106
520,Todabhim,107
521,Nadoti,107
522,Hindaun,107
523,Karauli,107
524,Mandrail,107
525,Sapotra,107
526,Gangapur,108
527,Bamanwas,108
528,Malarna Doongar,108
529,Bonli,108
530,Chauth Ka Barwara,108
531,Sawai Madhopur,108
532,Khandar,108
533,Baswa,109
534,Mahwa,109
535,Sikrai,109
536,Dausa,109
537,Lalsot,109
538,Kotputli,110
539,Viratnagar,110
540,Shahpura,110
541,Chomu,110
542,Phulera (Hq.Sambhar),110
543,Mauzamabad,110
544,Phagi,110
545,Sanganer,110
546,Jaipur,110
547,Amber,110
548,Jamwa Ramgarh,110
549,Bassi,110
550,Chaksu,110
551,Fatehpur,111
552,Lachhmangarh,111
553,Sikar,111
554,Danta Ramgarh,111
555,Sri Madhopur,111
556,Neem-Ka-Thana,111
557,Ladnu,112
558,Didwana,112
559,Jayal,112
560,Nagaur,112
561,Kheenvsar,112
562,Merta,112
563,Degana,112
564,Parbatsar,112
565,Makrana,112
566,Nawa,112
567,Phalodi,113
568,Osian,113
569,Bhopalgarh,113
570,Jodhpur,113
571,Shergarh,113
572,Luni,113
573,Bilara,113
574,Jaisalmer,114
575,Pokaran,114
576,Fatehgarh,114
577,Sheo,115
578,Baytoo,115
579,Pachpadra,115
580,Siwana,115
581,Gudha Malani,115
582,Barmer,115
583,Ramsar,115
584,Chohtan,115
585,Sayla,116
586,Ahore,116
587,Jalor,116
588,Bhinmal,116
589,Bagora,116
590,Sanchore,116
591,Raniwara,116
592,Sheoganj,117
593,Sirohi,117
594,Pindwara,117
595,Abu Road,117
596,Reodar,117
597,Jaitaran,118
598,Raipur,118
599,Sojat,118
600,Rohat,118
601,Pali,118
602,Marwar Junction,118
603,Desuri,118
604,Sumerpur,118
605,Bali,118
606,Kishangarh,119
607,Ajmer,119
608,Peesangan,119
609,Beawar,119
610,Masuda,119
611,Nasirabad,119
612,Bhinay,119
613,Sarwar,119
614,Kekri,119
615,Malpura,120
616,Peeplu,120
617,Niwai,120
618,Tonk,120
619,Todaraisingh,120
620,Deoli,120
621,Uniara,120
622,Hindoli,121
626,Bundi,121
623,Nainwa,121
624,Indragarh,121
625,Keshoraipatan,121
627,Asind,122
628,Hurda,122
629,Shahpura,122
630,Banera,122
631,Mandal,122
632,Raipur,122
633,Sahara,122
634,Bhilwara,122
635,Kotri,122
636,Jahazpur,122
637,Mandalgarh,122
638,Beejoliya,122
639,Bhim,123
640,Deogarh,123
641,Amet,123
642,Kumbhalgarh,123
643,Rajsamand,123
644,Railmagra,123
645,Nathdwara,123
646,Dungarpur,124
647,Aspur,124
648,Sagwara,124
649,Simalwara,124
650,Ghatol,125
651,Garhi,125
652,Banswara,125
653,Bagidora,125
654,Kushalgarh,125
655,Rashmi,126
656,Gangrar,126
657,Begun,126
658,Rawatbhata,126
659,Chittaurgarh,126
660,Kapasan,126
661,Dungla,126
662,Bhadesar,126
663,Nimbahera,126
664,Bari Sadri,126
665,Pipalda,127
666,Digod,127
667,Ladpura,127
668,Ramganj Mandi,127
669,Sangod,127
670,Mangrol,128
671,Antah,128
672,Baran,128
673,Atru,128
674,Kishanganj,128
675,Shahbad,128
676,Chhabra,128
677,Chhipabarod,128
678,Khanpur,129
679,Jhalrapatan,129
680,Aklera,129
681,Manohar Thana,129
682,Pachpahar,129
683,Pirawa,129
684,Gangdhar,129
685,Mavli,130
686,Gogunda,130
687,Kotra,130
688,Jhadol,130
689,Girwa,130
690,Vallabhnagar,130
691,Lasadiya,130
692,Salumbar,130
693,Sarada,130
694,Rishabhdeo,130
695,Kherwara,130
696,Dhariawad,131
697,Peepalkhoont,131
698,Chhoti Sadri,131
699,Pratapgarh,131
700,Arnod,131
1013,Sidhaw,203
1014,Ramnagar,203
1015,Gaunaha,203
1016,Mainatanr,203
1017,Narkatiaganj,203
1018,Lauriya,203
1019,Bagaha,203
1020,Piprasi,203
1021,Madhubani,203
1022,Bhitaha,203
1023,Thakrahan,203
1024,Jogapatti,203
1025,Chanpatia,203
1026,Sikta,203
1027,Majhaulia,203
1028,Bettiah,203
1029,Bairia,203
1030,Nautan,203
1031,Raxaul,204
1032,Adapur,204
1033,Ramgarhwa,204
1034,Sugauli,204
1035,Banjaria,204
1036,Narkatia,204
1037,Bankatwa,204
1038,Ghorasahan,204
1039,Dhaka,204
1040,Chiraia,204
1041,Motihari,204
1042,Turkaulia,204
1043,Harsidhi,204
1044,Paharpur,204
1045,Areraj,204
1046,Sangrampur,204
1047,Kesaria,204
1048,Kalyanpur,204
1049,Kotwa,204
1050,Piprakothi,204
1051,Chakia(Pipra),204
1052,Pakri Dayal,204
1053,Patahi,204
1054,Phenhara,204
1055,Madhuban,204
1056,Tetaria,204
1057,Mehsi,204
1058,Purnahiya,205
1059,Piprarhi,205
1060,Sheohar,205
1061,Dumri Katsari,205
1062,Tariani Chowk,205
1063,Bairgania,206
1064,Suppi,206
1065,Majorganj,206
1066,Sonbarsa,206
1067,Parihar,206
1068,Sursand,206
1069,Bathnaha,206
1070,Riga,206
1071,Parsauni,206
1072,Belsand,206
1073,Runisaidpur,206
1074,Dumra,206
1075,Bajpatti,206
1076,Charaut,206
1077,Pupri,206
1078,Nanpur,206
1079,Bokhara,206
1080,Madhwapur,207
1081,Harlakhi,207
1082,Basopatti,207
1083,Jainagar,207
1084,Ladania,207
1085,Laukaha,207
1086,Laukahi,207
1087,Phulparas,207
1088,Babubarhi,207
1089,Khajauli,207
1090,Kaluahi,207
1091,Benipatti,207
1092,Bisfi,207
1093,Madhubani,207
1094,Pandaul,207
1095,Rajnagar,207
1096,Andhratharhi,207
1097,Jhanjharpur,207
1098,Ghoghardiha,207
1099,Lakhnaur,207
1100,Madhepur,207
1101,Nirmali,208
1102,Basantpur,208
1103,Chhatapur,208
1104,Pratapganj,208
1105,Raghopur,208
1106,Saraigarh Bhaptiyahi,208
1107,Kishanpur,208
1108,Marauna,208
1109,Supaul,208
1110,Pipra,208
1111,Tribeniganj,208
1112,Narpatganj,209
1113,Forbesganj,209
1114,Bhargama,209
1115,Raniganj,209
1116,Araria,209
1117,Kursakatta,209
1118,Sikti,209
1119,Palasi,209
1120,Jokihat,209
1121,Terhagachh,210
1122,Dighalbank,210
1123,Thakurganj,210
1124,Pothia,210
1125,Bahadurganj,210
1126,Kochadhamin,210
1127,Kishanganj,210
1128,Banmankhi,211
1129,Barhara,211
1130,Bhawanipur,211
1131,Rupauli,211
1132,Dhamdaha,211
1133,Krityanand Nagar,211
1134,Purnia East,211
1135,Kasba,211
1136,Srinagar,211
1137,Jalalgarh,211
1138,Amour,211
1139,Baisa,211
1140,Baisi,211
1141,Dagarua,211
1142,Falka,212
1143,Korha,212
1144,Hasanganj,212
1145,Kadwa,212
1146,Balrampur,212
1147,Barsoi,212
1148,Azamnagar,212
1149,Pranpur,212
1150,Dandkhora,212
1151,Katihar,212
1152,Mansahi,212
1153,Barari,212
1154,Sameli,212
1155,Kursela,212
1156,Manihari,212
1157,Amdabad,212
1158,Gamharia,213
1159,Singheshwar,213
1160,Ghailarh,213
1161,Madhepura,213
1162,Shankarpur,213
1163,Kumarkhand,213
1164,Murliganj,213
1165,Gwalpara,213
1166,Bihariganj,213
1167,Kishanganj,213
1168,Puraini,213
1169,Alamnagar,213
1170,Chausa,213
1171,Nauhatta,214
1172,Satar Kataiya,214
1173,Mahishi,214
1174,Kahara,214
1175,Saur Bazar,214
1176,Patarghat,214
1177,Sonbarsa,214
1178,Simri Bakhtiarpur,214
1179,Salkhua,214
1180,Banma Itahri,214
1181,Jale,215
1182,Singhwara,215
1183,Keotiranway,215
1184,Darbhanga,215
1185,Manigachhi,215
1186,Tardih,215
1187,Alinagar,215
1188,Benipur,215
1189,Bahadurpur,215
1190,Hanumannagar,215
1191,Hayaghat,215
1192,Baheri,215
1193,Biraul,215
1194,Ghanshyampur,215
1195,Kiratpur,215
1196,Gora Bauram,215
1197,Kusheshwar Asthan,215
1198,Kusheshwar Asthan Purbi,215
1199,Sahebganj,216
1200,Baruraj (Motipur),216
1201,Paroo,216
1202,Saraiya,216
1203,Marwan,216
1204,Kanti,216
1205,Minapur,216
1206,Bochaha,216
1207,Aurai,216
1208,Katra,216
1209,Gaighat,216
1210,Bandra,216
1211,Dholi (Moraul),216
1212,Musahri,216
1213,Kurhani,216
1214,Sakra,216
1215,Katiya,217
1216,Bijaipur,217
1217,Bhorey,217
1218,Pach Deuri,217
1219,Kuchaikote,217
1220,Phulwaria,217
1221,Hathua,217
1222,Uchkagaon,217
1223,Thawe,217
1224,Gopalganj,217
1225,Manjha,217
1226,Barauli,217
1227,Sidhwalia,217
1228,Baikunthpur,217
1229,Nautan,218
1230,Siwan,218
1231,Barharia,218
1232,Goriakothi,218
1233,Lakri Nabiganj,218
1234,Basantpur,218
1235,Bhagwanpur Hat,218
1236,Maharajganj,218
1237,Pachrukhi,218
1238,Hussainganj,218
1239,Ziradei,218
1240,Mairwa,218
1241,Guthani,218
1242,Darauli,218
1243,Andar,218
1244,Raghunathpur,218
1245,Hasanpura,218
1246,Daraundha,218
1247,Siswan,218
1248,Mashrakh,219
1249,Panapur,219
1250,Taraiya,219
1251,Ishupur,219
1252,Baniapur,219
1253,Lahladpur,219
1254,Ekma,219
1255,Manjhi,219
1256,Jalalpur,219
1257,Revelganj,219
1258,Chapra,219
1259,Nagra,219
1260,Marhaura,219
1261,Amnour,219
1262,Maker,219
1263,Parsa,219
1264,Dariapur,219
1265,Garkha,219
1266,Dighwara,219
1267,Sonepur,219
1268,Vaishali,220
1269,Paterhi Belsar,220
1270,Lalganj,220
1271,Bhagwanpur,220
1272,Goraul,220
1273,Chehra Kalan,220
1274,Patepur,220
1275,Mahua,220
1276,Jandaha,220
1277,Raja Pakar,220
1278,Hajipur,220
1279,Raghopur,220
1280,Bidupur,220
1281,Desri,220
1282,Sahdai Buzurg,220
1283,Mahnar,220
1284,Kalyanpur,221
1285,Warisnagar,221
1286,Shivaji Nagar,221
1287,Khanpur,221
1288,Samastipur,221
1289,Pusa,221
1290,Tajpur,221
1291,Morwa,221
1292,Patori,221
1293,Mohanpur,221
1294,Mohiuddinagar,221
1295,Sarairanjan,221
1296,Vidyapati Nagar,221
1297,Dalsinghsarai,221
1298,Ujiarpur,221
1299,Bibhutpur,221
1300,Rosera,221
1301,Singhia,221
1302,Hasanpur,221
1303,Bithan,221
1304,Khudabandpur,222
1305,Chhorahi,222
1306,Garhpura,222
1307,Cheria Bariarpur,222
1308,Bhagwanpur,222
1309,Mansurchak,222
1310,Bachhwara,222
1311,Teghra,222
1312,Barauni,222
1313,Birpur,222
1314,Begusarai,222
1315,Naokothi,222
1316,Bakhri,222
1317,Dandari,222
1318,Sahebpur Kamal,222
1319,Balia,222
1320,Matihani,222
1321,Shamho Akha Kurha,222
1322,Alauli,223
1323,Khagaria,223
1324,Mansi,223
1325,Chautham,223
1326,Beldaur,223
1327,Gogri,223
1328,Parbatta,223
1329,Narayanpur,224
1330,Bihpur,224
1331,Kharik,224
1332,Naugachhia,224
1333,Rangra Chowk,224
1334,Gopalpur,224
1335,Pirpainti,224
1336,Colgong,224
1337,Ismailpur,224
1338,Sabour,224
1339,Nathnagar,224
1340,Sultanganj,224
1341,Shahkund,224
1342,Goradih,224
1343,Jagdishpur,224
1344,Sonhaula,224
1345,Shambhuganj,225
1346,Amarpur,225
1347,Rajaun,225
1348,Dhuraiya,225
1349,Barahat,225
1350,Banka,225
1351,Phulidumar,225
1352,Belhar,225
1353,Chanan,225
1354,Katoria,225
1355,Bausi,225
1356,Munger,226
1357,Bariarpur,226
1358,Jamalpur,226
1359,Dharhara,226
1360,Kharagpur,226
1361,Asarganj,226
1362,Tarapur,226
1363,Tetiha Bambor,226
1364,Sangrampur,226
1365,Barahiya,227
1366,Pipariya,227
1367,Surajgarha,227
1368,Lakhisarai,227
1369,Chanan*,227
1370,Ramgarh Chowk,227
1371,Halsi,227
1372,Barbigha,228
1373,Shekhopur Sarai,228
1374,Sheikhpura,228
1375,Ghat Kusumbha,228
1376,Chewara,228
1377,Ariari,228
1378,Karai Parsurai,229
1379,Nagar Nausa,229
1380,Harnaut,229
1381,Chandi,229
1382,Rahui,229
1383,Bind,229
1384,Sarmera,229
1385,Asthawan,229
1386,Bihar,229
1387,Noorsarai,229
1388,Tharthari,229
1389,Parbalpur,229
1390,Hilsa,229
1391,Ekangarsarai,229
1392,Islampur,229
1393,Ben,229
1394,Rajgir,229
1395,Silao,229
1396,Giriak,229
1397,Katrisarai,229
1398,Maner,230
1399,Dinapur-Cum-Khagaul,230
1400,Patna Rural,230
1401,Sampatchak,230
1402,Phulwari,230
1403,Bihta,230
1404,Naubatpur,230
1405,Bikram,230
1406,Dulhin Bazar,230
1407,Paliganj,230
1408,Masaurhi,230
1409,Dhanarua,230
1410,Punpun,230
1411,Fatwah,230
1412,Daniawan,230
1413,Khusrupur,230
1414,Bakhtiarpur,230
1415,Athmalgola,230
1416,Belchhi,230
1417,Barh,230
1418,Pandarak,230
1419,Ghoswari,230
1420,Mokameh,230
1421,Shahpur,231
1422,Arrah,231
1423,Barhara,231
1424,Koilwar,231
1425,Sandesh,231
1426,Udwant Nagar,231
1427,Behea,231
1428,Jagdishpur,231
1429,Piro,231
1430,Charpokhari,231
1431,Garhani,231
1432,Agiaon,231
1433,Tarari,231
1434,Sahar,231
1435,Simri,232
1436,Chakki,232
1437,Barhampur,232
1438,Chaugain,232
1439,Kesath,232
1440,Dumraon,232
1441,Buxar,232
1442,Chausa,232
1443,Rajpur,232
1444,Itarhi,232
1445,Nawanagar,232
1446,Ramgarh,233
1447,Nuaon,233
1448,Kudra,233
1449,Mohania,233
1450,Durgawati,233
1451,Chand,233
1452,Chainpur,233
1453,Bhabua,233
1454,Rampur,233
1455,Bhagwanpur,233
1456,Adhaura,233
1457,Kochas,234
1458,Dinara,234
1459,Dawath,234
1460,Suryapura,234
1461,Bikramganj,234
1462,Karakat,234
1463,Nasriganj,234
1464,Rajpur,234
1465,Sanjhauli,234
1466,Nokha,234
1467,Kargahar,234
1468,Chenari,234
1469,Nauhatta,234
1470,Sheosagar,234
1471,Sasaram,234
1472,Akorhi Gola,234
1473,Dehri,234
1474,Tilouthu,234
1475,Rohtas,234
1476,Daudnagar,235
1477,Haspura,235
1478,Goh,235
1479,Rafiganj,235
1480,Obra,235
1481,Aurangabad,235
1482,Barun,235
1483,Nabinagar,235
1484,Kutumba,235
1485,Deo,235
1486,Madanpur,235
1487,Konch,236
1488,Tikari,236
1489,Belaganj,236
1490,Khizirsarai,236
1491,Neem Chak Bathani,236
1492,Muhra,236
1493,Atri,236
1494,Manpur,236
1495,Gaya Town C.D.Block,236
1496,Paraiya,236
1497,Guraru,236
1498,Gurua,236
1499,Amas,236
1500,Banke Bazar,236
1501,Imamganj,236
1502,Dumaria,236
1503,Sherghati,236
1504,Dobhi,236
1505,Bodh Gaya,236
1506,Tan Kuppa,236
1507,Wazirganj,236
1508,Fatehpur,236
1509,Mohanpur,236
1510,Barachatti,236
1511,Nardiganj,237
1512,Nawada,237
1513,Warisaliganj,237
1514,Kashi Chak,237
1515,Pakribarawan,237
1516,Kawakol,237
1517,Roh,237
1518,Gobindpur,237
1519,Akbarpur,237
1520,Hisua,237
1521,Narhat,237
1522,Meskaur,237
1523,Sirdala,237
1524,Rajauli,237
1525,Islamnagar Aliganj,238
1526,Sikandra,238
1527,Jamui,238
1528,Barhat,238
1529,Lakshmipur,238
1530,Jhajha,238
1531,Gidhaur,238
1532,Khaira,238
1533,Sono,238
1534,Chakai,238
1535,Ratni Faridpur,239
1536,Jehanabad,239
1537,Kako,239
1538,Modanganj,239
1539,Ghoshi,239
1540,Makhdumpur,239
1541,Hulasganj,239
1542,Arwal,240
1543,Kaler,240
1544,Karpi,240
1545,Sonbhadra Banshi Suryapur,240
1546,Kurtha,240
1547,Chungthang,241
1548,Mangan,241
1549,Gyalshing,242
1550,Soreng,242
1551,Namchi,243
1552,Ravong,243
1553,Gangtok,244
1554,Pakyong,244
1555,Rongli,244
1556,Zemithang,245
1557,Lumla,245
1558,Dudunghar,245
1559,Tawang,245
1560,Kitpi,245
1561,Jang,245
1562,Lhou,245
1563,Mukto,245
1564,Bongkhar,245
1565,Thingbu,245
1566,Dirang,246
1567,Thembang,246
1568,Nafra,246
1569,Bomdila,246
1570,Kalaktang,246
1571,Shergaon,246
1572,Rupa,246
1573,Singchung,246
1574,Jamiri,246
1575,Thrizino,246
1576,Bhalukpong,246
1577,Kamengbari-Doimara,246
1578,Balemu,246
1579,Seijosa,247
1580,Dissing-Passo,247
1581,Pakke-Kessang,247
1582,Pizirang(Veo),247
1583,Richukrong,247
1584,Seppa,247
1585,Lada,247
1586,Bameng,247
1587,Pipu-Dipu,247
1588,Gyawe Purang,247
1589,Khenewa,247
1590,Chayangtajo,247
1591,Sawa,247
1592,Balijan,248
1593,Banderdawa,248
1594,Sangdupota (Besar Nello),248
1595,Taraso,248
1596,Itanagar,248
1597,Naharlagun,248
1598,Doimukh,248
1599,Gumto,248
1600,Toru,248
1601,Sagalee,248
1602,Parang,248
1603,Leporiang,248
1604,Mengio,248
1605,Kimin,248
1606,Kakoi,248
1607,Taksing,249
1608,Limeking,249
1609,Nacho,249
1610,Siyum,249
1611,Taliha,249
1612,Payeng,249
1613,Giba,249
1614,Chetam (Peer Yapu),249
1615,Daporijo,249
1616,Puchi Geko,249
1617,Dumporijo,249
1618,Gussar,249
1619,Gite-Ripa,249
1620,Baririjo,249
1621,Maro,249
1622,Mechuka,250
1623,Monigong,250
1624,Pidi,250
1625,Payum,250
1626,Tato,250
1627,Kaying,250
1628,Darak,250
1629,Kamba,250
1630,Rumgong,250
1631,Jomlo Mobuk,250
1632,Liromoba,250
1633,Yomcha,250
1634,Aalo,250
1635,Tirbin,250
1636,Basar,250
1637,Daring,250
1638,Gensi,250
1639,Sibe,250
1640,Likabali,250
1641,Kangku,250
1642,Bagra,250
1643,Boleng,251
1644,Riga,251
1645,Pangin,251
1646,Kebang,251
1647,Rebo-Perging,251
1648,Koyu,251
1649,Kora,251
1650,Nari,251
1651,New Seren,251
1652,Bilat,251
1653,Ruksin,251
1654,Sille-Oyan,251
1655,Pasighat,251
1656,Mebo,251
1657,Namsing,251
1658,Tuting,252
1659,Migging,252
1660,Palling,252
1661,Gelling,252
1662,Singa,252
1663,Yingkiong,252
1664,Jengging,252
1665,Geku,252
1666,Mariyang,252
1667,Mopom ( Adipasi ),252
1668,Katan,252
1669,Khimiyong,253
1670,Yatdam,253
1671,Changlang,253
1672,Namtok,253
1673,Manmao,253
1674,Renuk,253
1675,Lyngok-Longtoi,253
1676,Nampong,253
1677,Tikhak Rima Putok,253
1678,Jairampur,253
1679,Vijoynagar,253
1680,Miao,253
1681,Kharsang,253
1682,Diyun,253
1683,Bordumsa,253
1684,Namsang,254
1685,Soha,254
1686,Khonsa,254
1687,Dadam,254
1688,Kanubari,254
1689,Lawnu,254
1690,Longding,254
1691,Pumao,254
1692,Pangchao,254
1693,Wakka,254
1694,Laju,254
1695,Ziro (Sadar),255
1696,Old Ziro,255
1697,Yachuli,255
1698,Yazali,255
1699,Pistana,255
1700,Kamporijo,255
1701,Dollungmukh,255
1702,Raga,255
1703,Palin,256
1704,Yangte,256
1705,Sangram,256
1706,Nyapin,256
1707,Phassang,256
1708,Koloriang,256
1709,Chambang,256
1710,Gangte,256
1711,Tarak-Lengdi,256
1712,Sarli,256
1713,Parsi-Parlo,256
1714,Damin,256
1715,Longding Koling (Pipsorang),256
1716,Tali,256
1717,Mipi,257
1718,Anini,257
1719,Etalin,257
1720,Anelih,257
1721,Kronli (Arzoo circle),257
1722,Hunli,258
1723,Desali,258
1724,Roing,258
1725,Dambuk,258
1726,Tinali ( Paglam ),258
1727,Koronu,258
1728,Sunpura,259
1729,Tezu,259
1730,Wakro,259
1731,Chongkham,259
1732,Namsai,259
1733,Lathao,259
1734,Piyong,259
1735,Lekang (Mahadevpur),259
1736,Hayuliang,260
1737,Manchal,260
1738,Goiliang,260
1739,Chaglagam,260
1740,Metengliang,260
1741,Kibithoo,260
1742,Walong,260
1743,Hawai,260
1744,Naginimora,261
1745,Tizit,261
1746,Hunta,261
1747,Shangnyu,261
1748,Mon Sadar,261
1749,Wakching,261
1750,Aboi,261
1751,Longshen,261
1752,Phomching,261
1753,Chen,261
1754,Angjangyang,261
1755,Mopong,261
1756,Tobu,261
1757,Monyakshu,261
1758,Longchem,262
1759,Alongkima,262
1760,Tuli,262
1761,Changtongya,262
1762,Chuchuyimlang,262
1763,Kubolong,262
1764,Mangkolemba,262
1765,Merangmen,262
1766,Ongpangkong,262
1767,V.K.,263
1768,Akuluto,263
1769,Suruhuto,263
1770,Asuto,263
1771,Aghunato,263
1772,Zunheboto Sadar,263
1773,Atoizu,263
1774,Akuhaito,263
1775,Pughoboto,263
1776,Ghathashi,263
1777,Satakha,263
1778,Saptiqa,263
1779,Satoi,263
1780,Changpang,264
1781,Aitepyong,264
1782,Bhandari,264
1783,Baghty,264
1784,Sungro,264
1785,Sanis,264
1786,Lotsu,264
1787,Ralan,264
1788,Wozhuro,264
1789,Wokha Sadar,264
1790,Englan,264
1791,Chukitong,264
1792,Niuland,265
1793,Aquqhnaqua,265
1794,Kuhoboto,265
1795,Nihokhu,265
1796,Dimapur Sadar,265
1797,Chumukedima,265
1798,Dhansiripar,265
1799,Medziphema,265
1800,Sekruzu,266
1801,Phek Sadar,266
1802,Khuza,266
1803,Meluri,266
1804,Phor,266
1805,Phokhungri,266
1806,Chozuba,266
1807,Chetheba,266
1808,Sakraba,266
1809,Pfutsero,266
1810,Zuketsa,266
1811,Khezhakeno,266
1812,Chizami,266
1813,Razieba,266
1814,Noksen,267
1815,Chare,267
1816,Longkhim,267
1817,Tuensang Sadar,267
1818,Ngoungchung,267
1819,Sangsangnyu,267
1820,Sotokur,267
1821,Noklak,267
1822,Chingmei,267
1823,Nokhu,267
1824,Panso,267
1825,Shamator,267
1826,Tsurungto,267
1827,Chessore,267
1828,Mangko,267
1829,Thonoknyu,267
1830,Tamlu,268
1831,Namsang,268
1832,Yongnyah,268
1833,Longleng,268
1834,Sakshi,268
1835,Seyochung,269
1836,Amahator,269
1837,Kiphire Sadar,269
1838,Kiusam,269
1839,Sitimi,269
1840,Longmatra,269
1841,Pungro,269
1842,Khongsa,269
1843,Tseminyu,270
1844,Tsogin,270
1845,Chiephobozou,270
1846,Botsa,270
1847,Kezocha,270
1848,Jakhama,270
1849,Kohima Sadar,270
1850,Sechu-Zubza,270
1851,Pedi (Ngwalwa),271
1852,Jalukie,271
1853,Athibung,271
1854,Kebai Khelma,271
1855,Nsong,271
1856,Tening,271
1857,Peren,271
1896,Zawlnuam,281
1897,West Phaileng,281
1898,Reiek,281
1899,'N' Thingdawl,282
1900,Bilkhawthlir,282
1901,Tlangnuam (Part),282
1902,Darlawn,283
1903,Phullen,283
1904,Aibawk,283
1901,Tlangnuam (Part),283
1905,Thingsulthliah (Part),283
1906,Ngopa,284
1907,Khawzawl,284
1908,Champhai,284
1909,Khawbung,284
1911,East Lungdar (Part),284
1905,Thingsulthliah (Part),285
1910,Serchhip,285
1911,East Lungdar (Part),285
1912,West Bunghmun,286
1913,Lungsen,286
1914,Lunglei,286
1915,Hnahthial,286
1916,Chawngte,287
1917,Lawngtlai,287
1918,S' Bungtlang,287
1919,Sangau,287
1920,Tuipang,288
1921,Saiha,288
1922,Mohanpur,289
1923,Hezamara,289
1924,Padmabil,289
1925,Khowai,289
1926,Tulashikhar,289
1927,Kalyanpur,289
1928,Teliamura,289
1929,Mungiakumi,289
1930,Mandai,289
1931,Jirania,289
1932,Dukli,289
1933,Jampuijala,289
1934,Bishalgarh,289
1935,Boxanagar,289
1936,Melaghar,289
1937,Kathalia,289
1938,Killa,290
1939,Amarpur,290
1940,Ompi,290
1941,Matarbari,290
1942,Kakraban,290
1943,Rajnagar,290
1944,Hrishyamukh,290
1945,Bokafa,290
1946,Karbuk,290
1947,Rupaichhari,290
1948,Satchand,290
1949,Salema,291
1950,Manu,291
1951,Ambassa,291
1952,Chhamanu,291
1953,Dumburnagar,291
1954,Gournagar,292
1955,Kadamtala,292
1956,Panisagar,292
1957,Damchhara,292
1958,Pencharthal,292
1959,Kumarghat,292
1960,Dasda,292
1961,Jampuii hills,292
1962,Selsella,293
1963,Dadenggiri,293
1964,Tikrikilla,293
1965,Rongram,293
1966,Betasing,293
1967,Zikzak,293
1968,Gambegre,293
1969,Dalu,293
1970,Resubelpara,294
1971,Dambo Rongjeng,294
1972,Kharkutta,294
1973,Songsak,294
1974,Samanda,294
1975,Chokpot,295
1976,Gasuapara,295
1977,Baghmara,295
1978,Rongara,295
1979,Mawshynrut,296
1980,Nongstoin,296
1981,Mawthadraishan,296
1982,Mairang,296
1983,Ranikor,296
1984,Mawkyrwat,296
1985,Umling,297
1986,Jirang,297
1987,Umsning,297
1988,Mawphlang,298
1989,Mylliem,298
1990,Mawryngkneng,298
1991,Mawkynrew,298
1992,Khatarshnong Laitkroh,298
1993,Mawsynram,298
1994,Shella Bholaganj,298
1995,Pynursla,298
1996,Thadlaskein,299
1997,Laskein,299
1998,Amlarem,299
1999,Khliehriat,299
2000,Saipung,299
2001,Gossaigaon (Pt),300
2002,Bhowraguri,300
2003,Dotoma,300
2004,Kokrajhar (Pt),300
2007,Golokganj (Pt),300
2008,Dhubri (Pt),300
2005,Bagribari (Pt),300
2009,Bilasipara (Pt),300
2010,Chapar (Pt),300
2001,Gossaigaon (Pt),301
2006,Agamoni,301
2007,Golokganj (Pt),301
2008,Dhubri (Pt),301
2005,Bagribari (Pt),301
2009,Bilasipara (Pt),301
2010,Chapar (Pt),301
2011,South Salmara,301
2012,Mankachar,301
2013,Lakhipur,302
2014,Balijana,302
2015,Matia,302
2016,Dudhnai,302
2017,Rangjuli,302
2018,Barnagar (Pt),303
2019,Kalgachia,303
2020,Baghbor,303
2021,Chenga,303
2022,Barpeta,303
2023,Sarthebari,303
2024,Bajali (Pt),303
2025,Sarupeta (Pt),303
2140,Jalah (Pt),303
2026,Mayong,304
2027,Bhuragaon,304
2028,Laharighat,304
2029,Marigaon,304
2030,Mikirbheta,304
2031,Kaliabor,305
2032,Samaguri,305
2033,Rupahi,305
2034,Dhing,305
2035,Nagaon,305
2036,Raha,305
2037,Kampur,305
2038,Hojai,305
2039,Doboka,305
2040,Lanka,305
2041,Dhekiajuli (Pt),306
2042,Chariduar,306
2043,Tezpur,306
2044,Na-Duar,306
2045,Biswanath,306
2046,Helem,306
2047,Gohpur,306
2048,Narayanpur,307
2049,Bihpuria,307
2050,Naobaicha,307
2051,Kadam,307
2052,North Lakhimpur,307
2053,Dhakuakhana (Pt),307
2054,Subansiri (Pt),307
2055,Dhemaji,308
2056,Sissibargaon,308
2057,Jonai,308
2053,Dhakuakhana (Pt),308
2054,Subansiri (Pt),308
2058,Gogamukh,308
2059,Sadiya,309
2060,Doom Dooma,309
2061,Tinsukia,309
2062,Margherita,309
2063,Dibrugarh West,310
2064,Dibrugarh East,310
2065,Chabua,310
2066,Tengakhat,310
2067,Moran,310
2068,Tingkhong,310
2069,Naharkatiya,310
2070,Dimow,311
2071,Sivasagar,311
2072,Amguri,311
2073,Nazira,311
2074,Sonari,311
2075,Mahmora,311
2076,Majuli,312
2077,Jorhat West,312
2078,Jorhat East,312
2079,Teok,312
2080,Titabor,312
2081,Mariani,312
2082,Bokakhat,313
2083,Khumtai,313
2084,Dergaon,313
2085,Golaghat,313
2086,Morangi,313
2087,Sarupathar,313
2088,Donka,314
2089,Diphu,314
2090,Phuloni,314
2091,Silonijan,314
2092,Umrangso,315
2093,Haflong,315
2094,Mahur,315
2095,Maibong,315
2096,Katigora,316
2097,Silchar,316
2098,Udarbond,316
2099,Sonai,316
2100,Lakhipur,316
2101,Karimganj,317
2102,Badarpur,317
2103,Nilambazar,317
2104,Patharkandi,317
2105,Ramkrishna Nagar,317
2106,Algapur,318
2107,Hailakandi,318
2108,Lala,318
2109,Katlichara,318
2110,Bongaigaon (Pt),319
2111,Boitamari,319
2112,Srijangram,319
2115,Bijni (Pt),319
2114,Sidli (Pt),319
2004,Kokrajhar (Pt),320
2113,Bengtol,320
2114,Sidli (Pt),320
2110,Bongaigaon (Pt),320
2115,Bijni (Pt),320
2018,Barnagar (Pt),320
2141,Goreswar (Pt),321
2116,Rangia (Pt),321
2117,Koya,321
2118,Kamalpur,321
2119,Hajo,321
2120,Chhaygaon,321
2121,Goroimari,321
2122,Chamaria,321
2123,Nagarbera,321
2124,Boko,321
2125,Palasbari,321
2126,North Guwahati (Pt),321
2127,Azara,322
2126,North Guwahati (Pt),322
2129,Dispur,322
2130,Sonapur,322
2131,Chandrapur,322
2142,Barama (Pt),323
2132,Tihu (Pt),323
2133,Pachim Nalbari,323
2134,Barkhetri,323
2135,Barbhag,323
2136,Nalbari,323
2137,Banekuchi,323
2138,Ghograpar (Pt),323
2139,Baganpara (Pt),323
2018,Barnagar (Pt),324
2024,Bajali (Pt),324
2025,Sarupeta (Pt),324
2140,Jalah (Pt),324
2141,Goreswar (Pt),324
2116,Rangia (Pt),324
2142,Barama (Pt),324
2132,Tihu (Pt),324
2138,Ghograpar (Pt),324
2143,Baska,324
2139,Baganpara (Pt),324
2144,Tamulpur,324
2146,Pathorighat (Pt),324
2145,Khoirabari (Pt),325
2146,Pathorighat (Pt),325
2147,Sipajhar,325
2148,Mangaldoi (Pt),325
2150,Kalaigaon (Pt),325
2149,Dalgaon (Pt),325
2145,Khoirabari (Pt),326
2146,Pathorighat (Pt),326
2148,Mangaldoi (Pt),326
2150,Kalaigaon (Pt),326
2149,Dalgaon (Pt),326
2151,Harisinga,326
2152,Udalguri,326
2153,Mazbat,326
2041,Dhekiajuli (Pt),326
2154,Darjeeling Pulbazar,327
2155,Rangli Rangliot,327
2156,Kalimpong -I,327
2157,Kalimpong - II,327
2158,Gorubathan,327
2159,Jorebunglow Sukiapokhri,327
2160,Mirik,327
2161,Kurseong,327
2162,Matigara,327
2163,Naxalbari,327
2164,Phansidewa,327
2165,Kharibari,327
2166,Rajganj,328
2167,Mal,328
2168,Matiali,328
2169,Nagrakata,328
2170,Madarihat,328
2171,Kalchini,328
2172,Kumargram,328
2173,Alipurduar - I,328
2174,Alipurduar - II,328
2175,Falakata,328
2176,Dhupguri,328
2177,Maynaguri,328
2178,Jalpaiguri,328
2179,Haldibari,329
2180,Mekliganj,329
2181,Mathabhanga - I,329
2182,Mathabhanga - II,329
2183,Cooch Behar - I,329
2184,Cooch Behar - II,329
2185,Tufanganj - I,329
2186,Tufanganj - II,329
2187,Dinhata - I,329
2188,Dinhata - II,329
2189,Sitai,329
2190,Sitalkuchi,329
2191,Chopra,330
2192,Islampur,330
2193,Goalpokhar - I,330
2194,Goalpokhar - II,330
2195,Karandighi,330
2196,Raiganj,330
2197,Hemtabad,330
2198,Kaliaganj,330
2199,Itahar,330
2200,Kushmundi,331
2201,Gangarampur,331
2202,Kumarganj,331
2203,Hilli,331
2204,Balurghat,331
99999,Area not under any Sub-district,331
2205,Tapan,331
2206,Bansihari,331
2207,Harirampur,331
2208,Harischandrapur - I,332
2209,Harischandrapur - II,332
2210,Chanchal - I,332
2211,Chanchal - II,332
2212,Ratua - I,332
2213,Ratua - II,332
2214,Gazole,332
2215,Bamangola,332
2216,Habibpur,332
2217,Maldah (Old),332
2218,English Bazar,332
2219,Manikchak,332
2220,Kaliachak - I,332
2221,Kaliachak - II,332
2222,Kaliachak - III,332
2223,Farakka,333
2224,Samserganj,333
2225,Suti - I,333
2226,Suti - II,333
2227,Raghunathganj - I,333
2228,Raghunathganj - II,333
2229,Lalgola,333
2230,Sagardighi,333
2231,Bhagawangola - I,333
2232,Bhagawangola - II,333
2233,Raninagar - II,333
2234,Jalangi,333
2235,Domkal,333
2236,Raninagar - I,333
2237,Murshidabad Jiaganj,333
2238,Nabagram,333
2239,Khargram,333
2240,Kandi,333
2241,Berhampore,333
2242,Hariharpara,333
2243,Nawda,333
2244,Beldanga - I,333
2245,Beldanga - II,333
2246,Bharatpur - II,333
2247,Bharatpur - I,333
2248,Burwan,333
2249,Murarai - I,334
2250,Murarai - II,334
2251,Nalhati - I,334
2252,Nalhati - II,334
2253,Rampurhat - I,334
2254,Rampurhat - II,334
2255,Mayureswar - I,334
2256,Mayureswar - II,334
2257,Mohammad Bazar,334
2258,Rajnagar,334
2259,Suri - I,334
2260,Suri - II,334
2261,Sainthia,334
2262,Labpur,334
2263,Nanoor,334
2264,Bolpur Sriniketan,334
2265,Illambazar,334
2266,Dubrajpur,334
2267,Khoyrasol,334
2268,Salanpur,335
2269,Barabani,335
99999,Area not under any Sub-district,335
2270,Jamuria,335
2271,Raniganj,335
2272,Ondal,335
2273,Pandabeswar,335
2274,Faridpur Durgapur,335
2275,Kanksa,335
2276,Ausgram - II,335
2277,Ausgram - I,335
2278,Mangolkote,335
2279,Ketugram - I,335
2280,Ketugram - II,335
2281,Katwa - I,335
2282,Katwa - II,335
2283,Purbasthali - I,335
2284,Purbasthali - II,335
2285,Manteswar,335
2286,Bhatar,335
2287,Galsi - I,335
2288,Galsi - II,335
2289,Burdwan - I,335
2290,Burdwan - II,335
2291,Memari - I,335
2292,Memari - II,335
2293,Kalna - I,335
2294,Kalna - II,335
2295,Jamalpur,335
2296,Raina - I,335
2297,Khandaghosh,335
2298,Raina - II,335
2299,Karimpur - I,336
2300,Karimpur - II,336
2301,Tehatta - I,336
2302,Tehatta - II,336
2303,Kaliganj,336
2304,Nakashipara,336
2305,Chapra,336
2306,Krishnagar - II,336
2307,Nabadwip,336
2308,Krishnagar - I,336
2309,Krishnaganj,336
2310,Hanskhali,336
2311,Santipur,336
2312,Ranaghat - I,336
99999,Area not under any Sub-district,336
2313,Ranaghat - II,336
2314,Chakdah,336
2315,Haringhata,336
2316,Bagda,337
2317,Bongaon,337
2318,Gaighata,337
2319,Swarupnagar,337
2320,Habra - I,337
2321,Habra - II,337
2322,Amdanga,337
2323,Barrackpur - I,337
99999,Area not under any Sub-district,337
2324,Barrackpur - II,337
2325,Barasat - I,337
2326,Barasat - II,337
2327,Deganga,337
2328,Baduria,337
2329,Basirhat - I,337
2330,Basirhat - II,337
2331,Haroa,337
2332,Rajarhat,337
2333,Minakhan,337
2334,Sandeshkhali - I,337
2335,Sandeshkhali - II,337
2336,Hasnabad,337
2337,Hingalganj,337
2338,Goghat - I,338
2339,Goghat - II,338
2340,Arambag,338
2341,Pursura,338
2342,Tarakeswar,338
2343,Dhaniakhali,338
2344,Pandua,338
2345,Balagarh,338
2346,Chinsurah - Magra,338
99999,Area not under any Sub-district,338
2347,Polba - Dadpur,338
2348,Haripal,338
2349,Singur,338
2350,Serampur Uttarpara,338
2351,Chanditala - I,338
2352,Chanditala - II,338
2353,Jangipara,338
2354,Khanakul - I,338
2355,Khanakul - II,338
2356,Saltora,339
2357,Mejhia,339
2358,Gangajalghati,339
2359,Chhatna,339
2360,Indpur,339
2361,Bankura - I,339
2362,Bankura - II,339
2363,Barjora,339
2364,Sonamukhi,339
2365,Patrasayer,339
2366,Indus,339
2367,Kotulpur,339
2368,Jaypur,339
2369,Vishnupur,339
2370,Onda,339
2371,Taldangra,339
2372,Simlapal,339
2373,Khatra,339
2374,Hirbandh,339
2375,Ranibundh,339
2376,Raipur,339
2377,Sarenga,339
2378,Jaipur,340
2379,Purulia - II,340
2380,Para,340
2381,Raghunathpur - II,340
2382,Raghunathpur - I,340
2383,Neturia,340
2384,Santuri,340
2385,Kashipur,340
2386,Hura,340
2387,Purulia - I,340
2388,Puncha,340
2389,Arsha,340
2390,Jhalda - I,340
2391,Jhalda - II,340
2392,Bagmundi,340
2393,Balarampur,340
2394,Barabazar,340
2395,Manbazar - I,340
2396,Manbazar - II,340
2397,Bundwan,340
2398,Udaynarayanpur,341
2399,Amta - II,341
2400,Amta - I,341
2401,Jagatballavpur,341
2402,Domjur,341
2403,Bally Jagachha,341
2404,Sankrail,341
99999,Area not under any Sub-district,341
2405,Panchla,341
2406,Uluberia - II,341
2407,Uluberia - I,341
2408,Bagnan - I,341
2409,Bagnan - II,341
2410,Shyampur - I,341
2411,Shyampur - II,341
2412,Thakurpukur Mahestola,343
2413,Budge Budge - I,343
2414,Budge Budge - II,343
2415,Bishnupur - I,343
2416,Bishnupur - II,343
2417,Sonarpur,343
2418,Bhangar - I,343
2419,Bhangar - II,343
2420,Canning - I,343
2421,Canning - II,343
2422,Baruipur,343
2423,Magrahat - II,343
2424,Magrahat - I,343
2425,Falta,343
2426,Diamond Harbour - I,343
2427,Diamond Harbour - II,343
2428,Kulpi,343
2429,Mandirbazar,343
2430,Mathurapur - I,343
2431,Jaynagar - I,343
2432,Jaynagar - II,343
2433,Kultali,343
2434,Basanti,343
2435,Gosaba,343
2436,Mathurapur - II,343
2437,Kakdwip,343
2438,Sagar,343
2439,Namkhana,343
2440,Patharpratima,343
2441,Binpur - II,344
2442,Binpur - I,344
2443,Garbeta - II,344
2444,Garbeta - I,344
2445,Garbeta - III,344
2446,Chandrakona - I,344
2447,Chandrakona - II,344
2448,Ghatal,344
2449,Daspur - I,344
2450,Daspur - II,344
2451,Keshpur,344
2452,Salbani,344
2453,Midnapore,344
2454,Jhargram,344
2455,Jamboni,344
2456,Gopiballavpur - II,344
2457,Gopiballavpur - I,344
2458,Nayagram,344
2459,Sankrail,344
2460,Kharagpur - I,344
2461,Kharagpur - II,344
2462,Debra,344
2463,Pingla,344
2464,Sabang,344
2465,Narayangarh,344
2466,Keshiary,344
2467,Dantan - I,344
2468,Dantan - II,344
2469,Mohanpur,344
2470,Panskura,345
2471,Kolaghat,345
2472,Tamluk,345
2473,Sahid Matangini,345
2474,Nanda Kumar,345
2475,Mahisadal,345
2476,Moyna,345
2477,Potashpur - I,345
2478,Potashpur - II,345
2479,Bhagawanpur - II,345
2480,Bhagawanpur - I,345
2481,Chandipur,345
2482,Sutahata,345
2483,Haldia,345
2484,Nandigram - I,345
2485,Nandigram - II,345
2486,Khejuri - I,345
2487,Khejuri - II,345
2488,Contai - I,345
2489,Deshopran,345
2490,Contai - III,345
2491,Egra - I,345
2492,Egra - II,345
2493,Ramnagar - I,345
2494,Ramnagar - II,345
2495,Kharaundhi,346
2496,Bhawnathpur,346
2497,Ketar,346
2498,Kandi,346
2499,Majhiaon,346
2500,Bardiha,346
2501,Ramna,346
2502,Bishunpura,346
2503,Nagaruntari,346
2504,Dhurki,346
2505,Sagma,346
2506,Dandai,346
2507,Chinia,346
2508,Meral (Pipra Kalan),346
2509,Garhwa,346
2510,Danda,346
2511,Ranka,346
2512,Ramkanda,346
2513,Bhandaria,346
2514,Shaligram Ram Narayanpur(Hunterganj),347
2515,Pratappur,347
2516,Kunda,347
2517,Lawalaung,347
2518,Chatra,347
2519,Kanha Chatti,347
2520,Itkhori,347
2521,Mayur Hand,347
2522,Gidhaur,347
2523,Pathalgora,347
2524,Simaria,347
2525,Tandwa,347
2526,Satgawan,348
2527,Kodarma,348
2528,Domchanch,348
2529,Jainagar,348
2530,Chandwara,348
2531,Markacho,348
2532,Gawan,349
2533,Tisri,349
2534,Deori,349
2535,Dhanwar,349
2536,Jamua,349
2537,Bengabad,349
2538,Gande,349
2539,Giridih,349
2540,Birni,349
2541,Bagodar,349
2542,Sariya,349
2543,Dumri,349
2544,Pirtanr,349
2545,Deoghar,350
2546,Mohanpur,350
2547,Sarwan,350
2548,Sona Rai Tharhi,350
2549,Devipur,350
2550,Madhupur,350
2551,Margo Munda,350
2552,Karon,350
2553,Sarath,350
2554,Palojori,350
2555,Meherma,351
2556,Thakurgangti,351
2557,Boarijor,351
2558,Mahagama,351
2559,Pathargama,351
2560,Bashant Rai,351
2561,Godda,351
2562,Poreyahat,351
2563,Sundarpahari,351
2564,Sahibganj,352
2565,Mandro,352
2566,Borio,352
2567,Barhait,352
2568,Taljhari,352
2569,Rajmahal,352
2570,Udhwa,352
2571,Pathna,352
2572,Barharwa,352
2573,Litipara,353
2574,Amrapara,353
2575,Hiranpur,353
2576,Pakaur,353
2577,Maheshpur,353
2578,Pakuria,353
2579,Tundi,354
2580,Purbi Tundi,354
2581,Topchanchi,354
2582,Baghmara-Cum-Katras,354
2583,Gobindpur,354
2584,Dhanbad-Cum-Kenduadih-Cum-Jagata,354
2586,Baliapur,354
2587,Nirsa-Cum-Chirkunda,354
2588,Nawadih,355
2589,Chandrapura,355
2590,Bermo,355
2591,Gumia,355
2592,Peterwar,355
2593,Kasmar,355
2594,Jaridih,355
2595,Chas,355
2596,Chandankiyari,355
2597,Kisko,356
2598,Peshrar,356
2599,Kuru,356
2600,Kairo,356
2601,Lohardaga,356
2602,Senha,356
2603,Bhandra,356
2604,Patamda,357
2605,Boram,357
2606,Golmuri-Cum-Jugsalai,357
2607,Ghatshila,357
2608,Potka,357
2609,Musabani,357
2610,Dumaria,357
2611,Dhalbhumgarh,357
2612,Gurbandha,357
2613,Chakulia,357
2614,Baharagora,357
2615,Hussainabad,358
2616,Haidernagar,358
2617,Mohammad Ganj,358
2618,Hariharganj,358
2619,Pipra,358
2620,Chhatarpur,358
2621,Nawadiha Bazar/Nawadiha,358
2622,Pandu,358
2623,Untari Road,358
2624,Bishrampur,358
2625,Nawa Bazar,358
2626,Patan,358
2627,Padwa,358
2628,Manatu,358
2629,Tarhasi,358
2630,Panki,358
2631,Satbarwa,358
2632,Nilambar-Pitambarpur(Lesliganj),358
2633,Medininagar(Daltonganj),358
2634,Chainpur,358
2635,Manika,359
2636,Barwadih,359
2637,Mahuadanr,359
2638,Garu,359
2639,Latehar,359
2640,Balumath,359
2641,Bariyatu,359
2642,Herhanj,359
2643,Chandwa,359
2644,Chauparan,360
2645,Barhi,360
2646,Padma,360
2647,Ichak,360
2648,Tati Jhariya,360
2649,Daru,360
2650,Barkatha,360
2651,Chalkusa,360
2652,Bishungarh,360
2653,Hazaribag,360
2654,Katkamsandi,360
2655,Katamdag,360
2656,Keredari,360
2657,Barkagaon,360
2658,Churchu,360
2659,Dadi,360
2660,Patratu,361
2661,Mandu,361
2662,Ramgarh,361
2663,Dulmi,361
2664,Chitarpur,361
2665,Gola,361
2666,Saraiyahat,362
2667,Jarmundi,362
2668,Ramgarh,362
2669,Gopikandar,362
2670,Kathikund,362
2671,Shikaripara,362
2672,Ranishwar,362
2673,Dumka,362
2674,Jama,362
2675,Masalia,362
2676,Narayanpur,363
2677,Karma Tanr Vidyasagar,363
2678,Jamtara,363
2679,Nala,363
2680,Fatehpur,363
2681,Kundhit,363
2682,Burmu,364
2683,Khelari,364
2684,Kanke,364
2685,Ormanjhi,364
2686,Angara,364
2687,Rahe,364
2688,Silli,364
2689,Sonahatu,364
2690,Namkum,364
2691,Ratu,364
2692,Nagri,364
2693,Mandar,364
2694,Chanho,364
2695,Bero,364
2696,Itki,364
2697,Lapung,364
2698,Bundu,364
2699,Tamar I,364
2700,Karra,365
2701,Torpa,365
2702,Rania,365
2703,Murhu,365
2704,Khunti,365
2705,Erki (Tamar II),365
2706,Bishunpur,366
2707,Ghaghra,366
2708,Sisai,366
2709,Verno,366
2710,Kamdara,366
2711,Basia,366
2712,Gumla,366
2713,Chainpur,366
2714,Dumri,366
2715,Albert Ekka(Jari),366
2716,Raidih,366
2717,Palkot,366
2718,Simdega,367
2719,Pakar Tanr,367
2720,Kurdeg,367
2721,Kersai,367
2722,Bolba,367
2723,Thethaitangar,367
2724,Kolebira,367
2725,Jaldega,367
2726,Bansjor,367
2727,Bano,367
2728,Sonua,368
2729,Gudri,368
2730,Bandgaon,368
2731,Chakradharpur,368
2732,Khuntpani,368
2733,Goilkera,368
2734,Anandpur,368
2735,Manoharpur,368
2736,Noamundi,368
2737,Tonto,368
2738,Hat Gamharia,368
2739,Chaibasa,368
2740,Tantnagar,368
2741,Manjhari,368
2742,Jhinkpani,368
2743,Jagannathpur,368
2744,Kumardungi,368
2745,Majhgaon,368
2746,Kuchai,369
2747,Kharsawan,369
2748,Chandil,369
2749,Ichagarh,369
2750,Kukru,369
2751,Nimdih,369
2752,Adityapur(Gamharia),369
2753,Saraikela,369
2754,Gobindpur(Rajnagar),369
2755,Paikamal,370
2756,Jharbandha,370
2757,Padmapur,370
2758,Burden,370
2759,Gaisilet,370
2760,Melchhamunda,370
2761,Sohela,370
2762,Bijepur,370
2763,Barapali,370
2764,Bheden,370
2765,Bargarh,370
2766,Bargarh Sadar,370
2767,Bhatli,370
2768,Ambabhona,370
2769,Attabira,370
2770,Rengali,371
2771,Lakhanpur,371
2772,Belpahar,371
2773,Banaharapali,371
2774,Orient,371
2775,Brajarajnagar,371
2776,Jharsuguda,371
2777,Badmal,371
2778,Laikera,371
2779,Kolabira,371
2780,Govindpur,372
2781,Mahulpalli,372
2782,Kochinda,372
2783,Katarbaga,372
2784,Thelkoloi,372
2785,Rengali,372
2786,Sasan,372
2787,Hirakud,372
2788,Burla,372
2789,Dhanupali,372
2790,Ainthapali,372
2791,Sadar,372
2792,Jamankira,372
2793,Kisinda,372
2794,Jujomura,372
2795,Dhama,372
2796,Charamal,372
2797,Rairakhol,372
2798,Naktideul,372
2799,Sambalpur (M),372
2800,Debagarh,373
2801,Barkot,373
2802,Kundheigola,373
2803,Reamal,373
2804,Hemgir,374
2805,Lephripara,374
2806,Bhasma,374
2807,Dharuadihi,374
2808,Sundargarh Town,374
2809,Sundargarh,374
2810,Kinjirkela,374
2811,Talasara,374
2812,Baragaon,374
2813,Kutra,374
2814,Rajagangapur,374
2815,Raiboga,374
2816,Biramitrapur,374
2817,Hatibari,374
2818,Bisra,374
2819,Bondamunda,374
2820,Brahmani Tarang,374
2821,Raghunathapali,374
2822,Tangarapali,374
2823,Lathikata,374
2824,Chandiposh,374
2825,Kamarposh Balang,374
2826,Koida,374
2827,Lahunipara,374
2828,Gurundia,374
2829,Tikaetpali,374
2830,Banei,374
2831,Mahulapada,374
2832,Raurkela (M),374
2833,Raurkela (ITS),374
2834,Barbil,375
2835,Bolani,375
2836,Rugudi,375
2837,Joda,375
2838,Bamebari,375
2839,Champua,375
2840,Jhumpura,375
2841,Baria,375
2842,Turumunga,375
2843,Patana,375
2844,Kendujhar Sadar,375
2845,Kendujhar Town,375
2846,Nayakote,375
2847,Kanjipani,375
2848,Telkoi,375
2849,Pandapara,375
2850,Ghatgaon,375
2851,Harichandanpur,375
2852,Daitari,375
2853,Ghasipura,375
2854,Anandapur,375
2855,Soso,375
2856,Nandipada,375
2857,Sainkul,375
2858,Tiring,376
2859,Bahalda,376
2860,Jamda,376
2861,Rairangpur Town,376
2862,Gorumahisani,376
2863,Jharpokharia,376
2864,Bisoi,376
2865,Rairangpur,376
2866,Badampahar,376
2867,Jashipur,376
2868,Raruan,376
2869,Ghagarbeda,376
2870,Karanjia,376
2871,Thakurmunda,376
2872,Baripada Sadar,376
2873,Baripada Town,376
2874,Koliana,376
2875,Bangiriposi,376
2876,Chandua,376
2877,Suliapada,376
2878,Muruda,376
2879,Rasagobindapur,376
2880,Baisinga,376
2881,Betanati,376
2882,Barsahi,376
2883,Khunta,376
2884,Udala,376
2885,Kaptipada,376
2886,Sharata,376
2887,Mahuldiha,376
2888,Baripada (M),376
2889,Raibania,377
2890,Jaleswar,377
2891,Bhograi,377
2892,Kamarda,377
2893,Baliapal,377
2894,Singla,377
2895,Basta,377
2896,Rupsa,377
2897,Baleshwar Sadar,377
2898,Sahadevkhunta,377
2899,Chandipur,377
2900,Balaramgadi Marine,377
2901,Bampada,377
2902,Remuna,377
2903,Nilagiri,377
2904,Berhampur,377
2905,Oupada,377
2906,Khaira,377
2907,Soro,377
2908,Similia,377
2909,Baleshwar (M),377
2910,Agarpada,378
2911,Bant,378
2912,Bhandari Pokhari,378
2913,Dhamanagar,378
2914,Bhadrak Rural,378
2915,Basudebpur,378
2916,Naikanidihi,378
2917,Tihidi,378
2918,Dhusuri,378
2919,Chandabali,378
2920,Bansada,378
2921,Dhamara Marine,378
2922,Rajkanika,379
2923,Rajnagar,379
2924,Jamboo Marine,379
2925,Aali,379
2926,Pattamundai,379
2928,Kendrapara Sadar,379
2929,Nikirai,379
2930,Derabish,379
2931,Patkura,379
2932,Marsaghai,379
2933,Mahakalapada,379
2934,Paradip,380
2935,Paradeep Lock,380
2936,Kujang,380
2937,Abhyachandpur,380
2938,Ersama,380
2939,Tirtol,380
2940,Jagatsinghapur,380
2941,Biridi,380
2942,Naugaon,380
2943,Balikuda,380
2944,Narasinghpur,381
2945,Kanpur,381
2946,Badamba,381
2947,Baidyeswar,381
2948,Banki,381
2949,Tigiria,381
2950,Athagad,381
2951,Barang,381
2952,Gurudijhatia,381
2953,Khuntuni,381
2954,Choudwar,381
2955,Tangi,381
2956,Mahanga,381
2957,Salepur,381
2958,Nischintakoili,381
2959,Nemalo,381
2960,Kishannagar,381
2961,Jagatpur,381
2962,Cuttack Sadar,381
2963,Kandarpur,381
2964,C.R.R.I.,381
2965,Gobindpur,381
2966,Olatapur,381
2967,Niali,381
2969,Sukinda,382
2970,Tomka,382
2971,Kaliapani,382
2972,Kalinganagar,382
2973,Jakhapura,382
2974,Jajapur Road,382
2975,Korai,382
2976,Panikoili,382
2977,Jajapur,382
2978,Jajpur Sadar,382
2979,Dharmasala,382
2980,Jenapur,382
2981,Kuakhia,382
2982,Badachana,382
2983,Balichandrapur,382
2984,Binjharpur,382
2985,Bari - Ramachandrapur,382
2986,Mangalpur,382
2987,Parajang,383
2988,Kamakshyanagar,383
2989,Kankadahad,383
2990,Bhuban,383
2991,Gandia,383
2992,Nihalprasad,383
2993,Tumusingha,383
2994,Motunga,383
2995,Bhusan Steel Limited,383
2996,Balimi,383
2997,Hindol,383
2998,Rasol,383
2999,Dhenkanal Sadar,383
3000,Palalahada,384
3001,Khamar,384
3002,Rengali Damsite,384
3003,Kaniha,384
3004,N.T.P.C.,384
3005,Samal Barrage,384
3006,Talcher Sadar,384
3007,Colliery,384
3008,Bikrampur,384
3009,Nalco,384
3010,Banarpal,384
2995,Bhusan Steel Limited,384
3011,Anugul,384
3012,Jarapada,384
3013,Industrial,384
3014,Chhendipada,384
3015,Handapa,384
3016,Kishorenagar,384
3017,Athmallik,384
3018,Kiakata,384
3019,Thakurgarh,384
3020,Purunakot,384
3021,Bantala,384
3022,Gania,385
3023,Dasapalla,385
3024,Banigochha,385
3025,Nuagaon,385
3026,Khandapada,385
3027,Fategarh,385
3028,Nayagarh,385
3029,Itamati,385
3030,Nayagarh Sadar,385
3031,Odagaon,385
3032,Sarankul,385
3033,Ranapur,385
3034,Bolagad,386
3035,Begunia,386
3036,Khordha,386
3037,Khordha Sadar,386
3038,Chandaka,386
3039,Nandankanan,386
3041,Mancheswar,386
3042,Balianta,386
3043,Balipatna,386
3044,Lingaraj,386
3045,Airfield (Kapila Prasad),386
3046,Uttara,386
3047,Khandagiri,386
3048,Tamando,386
3049,Jatani,386
3050,Jankia,386
3051,Nirakarpur,386
3052,Tangi,386
3053,Balugaon,386
3054,Banapur,386
3055,Bhubaneswar (M Corp.),386
3056,Delanga,387
3057,Pipili,387
3058,Nimapada,387
3059,Kakatpur,387
3060,Astaranga,387
3061,Konark,387
3062,Gop,387
3063,Ramachandi,387
3064,Satyabadi,387
3065,Chandanpur,387
3066,Sadar,387
3067,Brahmagiri,387
3068,Gadisagada,387
3069,Krushna Prasad,387
3071,Tarasingi,388
3072,Buguda,388
3073,Jagannath Prasad,388
3074,Bhanjanagar,388
3075,Gangapur,388
3076,Surada,388
3077,Badagada,388
3078,Asika,388
3079,Dharakote,388
3080,Kabisuryanagar,388
3081,Polasara,388
3082,Kodala,388
3083,Khalikote,388
3084,Rambha,388
3085,Chhatrapur,388
3086,Ganjam,388
3087,Chamakhandi,388
3088,Arjyapalli Marine,388
3089,Purusottampur,388
3090,Hinjili,388
3091,Patapur,388
3092,Seragad,388
3093,Brahmapur Sadar,388
3094,Gopalpur,388
3095,Golanthara,388
3096,Digapahandi,388
3097,Nuagaon,388
3098,Jarada,388
3109,Ramagiri,388
3100,Adva,389
3101,Mohana,389
3102,R.Udaygiri,389
3103,Serango,389
3104,Kashinagara,389
3105,Parlakhemundi,389
3106,Gurandi,389
3107,Rayagada,389
3108,Garabandha,389
3109,Ramagiri,389
3110,Gochhapada,390
3111,Phulabani,390
3112,Phulabani Town,390
3113,Khajuripada,390
3114,G.Udayagiri,390
3115,Tikabali,390
3116,Chakapada,390
3117,Sarangagarh,390
3118,Phiringia,390
3119,Baliguda,390
3120,Nuagaon,390
3121,Tumudibandha,390
3122,Belaghar,390
3123,Kotagarh,390
3124,Brahmanigaon,390
3125,Daringbadi,390
3126,Raikia,390
3127,Kantamal,391
3128,Manamunda,391
3129,Baunsuni,391
3130,Baudh Sadar,391
3131,Puruna Katak,391
3132,Harbhanga,391
3133,Dunguripali,392
3134,Rampur,392
3135,Binika,392
3136,Ulunda,392
3137,Biramaharajpur,392
3138,Subalaya,392
3139,Sonapur,392
3140,Tarbha,392
3141,Loisinga,393
3142,Balangir,393
3143,Tushura,393
3144,Patnagarh,393
3145,Khaprakhol,393
3146,Turekela,393
3147,Belpara,393
3148,Saintala,393
3149,Kantabanji,393
3150,Bangomunda,393
3151,Sindhekela,393
3152,Titlagarh,393
3153,Jonk,394
3154,Nuapada,394
3155,Komna,394
3156,Khariar,394
3157,Boden,394
3158,Sinapali,394
3159,Kesinga,395
3160,Madanpur Rampur,395
3161,Narala,395
3162,Lanjigarh,395
3163,Biswanathpur,395
3164,Sadar,395
3165,Kegaon,395
3166,Junagarh,395
3167,Golamunda,395
3168,Dharamgarh,395
3169,Kokasara,395
3170,Jayapatna,395
3171,Thuamul Rampur,395
3172,Ambadala,396
3173,Muniguda,396
3174,Chandrapur,396
3175,Bishamakatak,396
3176,Kalyanasingpur,396
3177,Kashipur,396
3178,Andirakanch,396
3179,Tikiri,396
3180,Doraguda,396
3181,Rayagada,396
3182,Seskhal,396
3183,Gunupur,396
3184,Gudari,396
3185,Padmapur,396
3186,Puttasing,396
3187,Raighar,397
3188,Kundei,397
3189,Umarkote,397
3190,Chandahandi,397
3191,Jharigan,397
3192,Dabugan,397
3193,Paparahandi,397
3194,Kodinga,397
3195,Kosagumuda,397
3196,Nabarangapur,397
3197,Tentulikhunti,397
3198,Khatiguda,397
3199,Kotpad,398
3200,Boriguma,398
3201,Bhairabsingipur,398
3202,Dasamantapur,398
3203,Lakshmipur,398
3204,Narayanpatana,398
3205,Bandhugaon,398
3206,Kakiriguma,398
3207,Koraput,398
3208,Koraput Town,398
3209,Jeypore,398
3210,Kundura,398
3211,Boipariguda,398
3212,Machh kund,398
3213,Padua,398
3214,Nandapur,398
3215,Similiguda,398
3216,Sunabeda,398
3217,Damonjodi,398
3218,Pottangi,398
3219,Kotiya,398
3220,Malkangiri,399
3221,Mathili,399
3222,Mudulipada,399
3223,Chitrakonda,399
3224,Paparmetla,399
3225,Jodamba,399
3226,Orkel,399
3227,Kalimela,399
3228,Podia,399
3229,M.V. 79,399
3230,Motu,399
3231,Bharatpur,400
3232,Baikunthpur,400
3233,Sonhat,400
3234,Manendragarh,400
3235,Khadganva,400
3236,Ramanujganj,401
3237,Balrampur,401
3238,Wadrafnagar,401
3239,Pratappur,401
3240,Samri(kusmi),401
3241,Shankargarh,401
3242,Surajpur,401
3243,Oudgi,401
3244,Bhaiyathan,401
3245,Ramanujnagar,401
3246,Premnagar,401
3247,Ambikapur,401
3248,Lakhanpur,401
3249,Udaypur,401
3250,Rajpur,401
3251,Lundra,401
3252,Sitapur,401
3253,Batouli,401
3254,Mainpat,401
3255,Bagicha,402
3256,Kansabel,402
3257,Jashpur,402
3258,Manora,402
3259,Kunkuri,402
3260,Duldula,402
3261,Farsabahar,402
3262,Pathalgaon,402
3263,Udaipur (Dharamjaigarh),403
3264,Lailunga,403
3265,Gharghoda,403
3266,Tamnar,403
3267,Raigarh,403
3268,Pusour,403
3269,Kharsia,403
3270,Sarangarh,403
3271,Baramkela,403
3272,Katghora,404
3273,Poundi-Uproda,404
3274,Pali,404
3275,Korba,404
3276,Kartala,404
3277,Janjgir,405
3278,Akaltara,405
3279,Baloda,405
3280,Nawagarh,405
3281,Champa,405
3282,Sakti,405
3283,Pamgarh,405
3284,Dabhra,405
3285,Malkharoda,405
3286,Jaijaipur,405
3287,Pendra Road Gorella,406
3288,Marwahi,406
3289,Pendra,406
3290,Lormi,406
3291,Kota,406
3292,Mungeli,406
3293,Pathariya,406
3294,Takhatpur,406
3295,Bilaspur,406
3296,Masturi,406
3297,Bilha,406
3298,Kawardha,407
3299,Bodla,407
3300,Sahaspur Lohara,407
3301,Pandariya,407
3302,Chhuikhadan,408
3303,Khairagarh,408
3304,Dongargarh,408
3305,Rajnandgaon,408
3306,Chhuriya,408
3307,Dongargaon,408
3308,Mohla,408
3309,Manpur,408
3310,Ambagarh,408
3311,Nawagarh,409
3312,Bemetara,409
3313,Saja,409
3314,Thanakhamria,409
3315,Berla,409
3316,Dhamdha,409
3317,Durg,409
3318,Patan,409
3319,Gunderdehi,409
3320,Dondi Luhara,409
3321,Balod,409
3322,Dondi,409
3323,Gurur,409
3324,Simga,410
3325,Bhatapara,410
3326,Baloda Bazar,410
3327,Palari,410
3328,Kasdol,410
3329,Bilaigarh,410
3330,Arang,410
3331,Abhanpur,410
3332,Raipur,410
3333,Rajim,410
3334,Tilda,410
3335,Bindranavagarh(Gariyaband),410
3336,Chhura,410
3337,Mainpur,410
3338,Deobhog,410
3339,Basna,411
3340,Saraipali,411
3341,Mahasamund,411
3342,Pithora,411
3343,Bagbahra,411
3344,Kurud,412
3345,Magarlod,412
3346,Dhamtari,412
3347,Nagri,412
3348,Charama,413
3349,Bhanupratappur,413
3350,Durgkondal,413
3351,Kanker,413
3352,Narharpur,413
3353,Antagarh,413
3354,Pakhanjur,413
3355,Keskal,414
3356,Bade Rajpur,414
3357,Kondagaon,414
3358,Makdi,414
3359,Farasgaon,414
3360,Jagdalpur,414
3361,Lohandiguda,414
3362,Bastanar,414
3363,Bastar,414
3364,Bakavand,414
3365,Tokapal,414
3366,Darbha,414
3367,Narayanpur,415
3368,Orchha,415
3369,Dantewada,416
3370,Gidam,416
3371,Katekalyan,416
3372,Kuakonda,416
3373,Konta,416
3374,Chhindgarh,416
3375,Sukma,416
3376,Bhopalpattnam,417
3377,Usur,417
3378,Bijapur,417
3379,Bhairamgarh,417
3722,Lakhpat,468
3723,Rapar,468
3724,Bhachau,468
3725,Anjar,468
3726,Bhuj,468
3727,Nakhatrana,468
3728,Abdasa,468
3729,Mandvi,468
3730,Mundra,468
3731,Gandhidham,468
3732,Vav,469
3733,Tharad,469
3734,Dhanera,469
3735,Dantiwada,469
3736,Amirgadh,469
3737,Danta,469
3738,Vadgam,469
3739,Palanpur,469
3740,Deesa,469
3741,Deodar,469
3742,Bhabhar,469
3743,Kankrej,469
3744,Santalpur,470
3745,Radhanpur,470
3746,Sidhpur,470
3747,Patan,470
3748,Harij,470
3749,Sami,470
3750,Chanasma,470
3751,Satlasana,471
3752,Kheralu,471
3753,Unjha,471
3754,Visnagar,471
3755,Vadnagar,471
3756,Vijapur,471
3757,Mahesana,471
3758,Becharaji,471
3759,Kadi,471
3760,Khedbrahma,472
3761,Vijaynagar,472
3762,Vadali,472
3763,Idar,472
3764,Bhiloda,472
3765,Meghraj,472
3766,Himatnagar,472
3767,Prantij,472
3768,Talod,472
3769,Modasa,472
3770,Dhansura,472
3771,Malpur,472
3772,Bayad,472
3773,Kalol,473
3774,Mansa,473
3775,Gandhinagar,473
3776,Dehgam,473
3777,Mandal,474
3778,Detroj-Rampura,474
3779,Viramgam,474
3780,Sanand,474
3782,Daskroi,474
3783,Dholka,474
3784,Bavla,474
3785,Ranpur,474
3786,Barwala,474
3787,Dhandhuka,474
3788,Halvad,475
3789,Dhrangadhra,475
3790,Dasada,475
3791,Lakhtar,475
3792,Wadhwan,475
3793,Muli,475
3794,Chotila,475
3795,Sayla,475
3796,Chuda,475
3797,Limbdi,475
3798,Maliya,476
3799,Morvi,476
3800,Tankara,476
3801,Wankaner,476
3802,Paddhari,476
3803,Rajkot,476
3804,Lodhika,476
3805,Kotda Sangani,476
3806,Jasdan,476
3807,Gondal,476
3808,Jamkandorna,476
3809,Upleta,476
3810,Dhoraji,476
3811,Jetpur,476
3812,Okhamandal,477
3813,Khambhalia,477
3814,Jamnagar,477
3815,Jodiya,477
3816,Dhrol,477
3817,Kalavad,477
3818,Lalpur,477
3819,Kalyanpur,477
3820,Bhanvad,477
3821,Jamjodhpur,477
3822,Porbandar,478
3823,Ranavav,478
3824,Kutiyana,478
3825,Manavadar,479
3826,Vanthali,479
3827,Junagadh,479
3828,Bhesan,479
3829,Visavadar,479
3830,Mendarda,479
3831,Keshod,479
3832,Mangrol,479
3833,Malia,479
3834,Talala,479
3835,Patan-Veraval,479
3836,Sutrapada,479
3837,Kodinar,479
3838,Una,479
3839,Kunkavav Vadia,480
3840,Babra,480
3841,Lathi,480
3842,Lilia,480
3843,Amreli,480
3844,Bagasara,480
3845,Dhari,480
3846,Savar Kundla,480
3847,Khambha,480
3848,Jafrabad,480
3849,Rajula,480
3850,Botad,481
3851,Vallabhipur,481
3852,Gadhada,481
3853,Umrala,481
3854,Bhavnagar,481
3855,Ghogha,481
3856,Sihor,481
3857,Gariadhar,481
3858,Palitana,481
3859,Talaja,481
3860,Mahuva,481
3861,Tarapur,482
3862,Sojitra,482
3863,Umreth,482
3864,Anand,482
3865,Petlad,482
3866,Khambhat,482
3867,Borsad,482
3868,Anklav,482
3869,Kapadvanj,483
3870,Virpur,483
3871,Balasinor,483
3872,Kathlal,483
3873,Mehmedabad,483
3874,Kheda,483
3875,Matar,483
3876,Nadiad,483
3877,Mahudha,483
3878,Thasra,483
3879,Khanpur,484
3880,Kadana,484
3881,Santrampur,484
3882,Lunawada,484
3883,Shehera,484
3884,Morwa (Hadaf),484
3885,Godhra,484
3886,Kalol,484
3887,Ghoghamba,484
3888,Halol,484
3889,Jambughoda,484
3890,Fatepura,485
3891,Jhalod,485
3892,Limkheda,485
3893,Dohad,485
3894,Garbada,485
3895,Devgadbaria,485
3896,Dhanpur,485
3897,Savli,486
3898,Vadodara,486
3899,Vaghodia,486
3900,Jetpur Pavi,486
3901,Chhota Udaipur,486
3902,Kavant,486
3903,Nasvadi,486
3904,Sankheda,486
3905,Dabhoi,486
3906,Padra,486
3907,Karjan,486
3908,Sinor,486
3909,Tilakwada,487
3910,Nandod,487
3911,Dediapada,487
3912,Sagbara,487
3913,Jambusar,488
3914,Amod,488
3915,Vagra,488
3916,Bharuch,488
3917,Jhagadia,488
3918,Anklesvar,488
3919,Hansot,488
3920,Valia,488
3921,The Dangs,489
3922,Navsari,490
3923,Jalalpore,490
3924,Gandevi,490
3925,Chikhli,490
3926,Bansda,490
3927,Valsad,491
3928,Dharampur,491
3929,Pardi,491
3930,Kaprada,491
3931,Umbergaon,491
3932,Olpad,492
3933,Mangrol,492
3934,Umarpada,492
3935,Mandvi,492
3936,Kamrej,492
3938,Chorasi,492
3939,Palsana,492
3940,Bardoli,492
3941,Mahuva,492
3942,Nizar,493
3943,Uchchhal,493
3944,Songadh,493
3945,Vyara,493
3946,Valod,493
3947,Diu,494
3948,Daman,495
3949,Dadra & Nagar Haveli,496
3950,Akkalkuwa,497
3951,Akrani,497
3952,Talode,497
3953,Shahade,497
3954,Nandurbar,497
3955,Nawapur,497
3956,Shirpur,498
3957,Sindkhede,498
3958,Sakri,498
3959,Dhule,498
3960,Chopda,499
3961,Yawal,499
3962,Raver,499
3963,Muktainagar,499
3964,Bodvad,499
3965,Bhusawal,499
3966,Jalgaon,499
3967,Erandol,499
3968,Dharangaon,499
3969,Amalner,499
3970,Parola,499
3971,Bhadgaon,499
3972,Chalisgaon,499
3973,Pachora,499
3974,Jamner,499
3975,Jalgaon (Jamod),500
3976,Sangrampur,500
3977,Shegaon,500
3978,Nandura,500
3979,Malkapur,500
3980,Motala,500
3981,Khamgaon,500
3982,Mehkar,500
3983,Chikhli,500
3984,Buldana,500
3985,Deolgaon Raja,500
3986,Sindkhed Raja,500
3987,Lonar,500
3988,Telhara,501
3989,Akot,501
3990,Balapur,501
3991,Akola,501
3992,Murtijapur,501
3993,Patur,501
3994,Barshitakli,501
3995,Malegaon,502
3996,Mangrulpir,502
3997,Karanja,502
3998,Manora,502
3999,Washim,502
4000,Risod,502
4001,Dharni,503
4002,Chikhaldara,503
4003,Anjangaon Surji,503
4004,Achalpur,503
4005,Chandurbazar,503
4006,Morshi,503
4007,Warud,503
4008,Teosa,503
4009,Amravati,503
4010,Bhatkuli,503
4011,Daryapur,503
4012,Nandgaon-Khandeshwar,503
4013,Chandur Railway,503
4014,Dhamangaon Railway,503
4015,Ashti,504
4016,Karanja,504
4017,Arvi,504
4018,Seloo,504
4019,Wardha,504
4020,Deoli,504
4021,Hinganghat,504
4022,Samudrapur,504
4023,Narkhed,505
4024,Katol,505
4025,Kalameshwar,505
4026,Savner,505
4027,Parseoni,505
4028,Ramtek,505
4029,Mauda,505
4030,Kamptee,505
4031,Nagpur (Rural),505
4033,Hingna,505
4034,Umred,505
4035,Kuhi,505
4036,Bhiwapur,505
4037,Tumsar,506
4038,Mohadi,506
4039,Bhandara,506
4040,Sakoli,506
4041,Lakhani,506
4042,Pauni,506
4043,Lakhandur,506
4044,Tirora,507
4045,Goregaon,507
4046,Gondiya,507
4047,Amgaon,507
4048,Salekasa,507
4049,Sadak-Arjuni,507
4050,Arjuni Morgaon,507
4051,Deori,507
4052,Desaiganj (Vadasa),508
4053,Armori,508
4054,Kurkheda,508
4055,Korchi,508
4056,Dhanora,508
4057,Gadchiroli,508
4058,Chamorshi,508
4059,Mulchera,508
4060,Etapalli,508
4061,Bhamragad,508
4062,Aheri,508
4063,Sironcha,508
4064,Warora,509
4065,Chimur,509
4066,Nagbhir,509
4067,Brahmapuri,509
4068,Sawali,509
4069,Sindewahi,509
4070,Bhadravati,509
4071,Chandrapur,509
4072,Mul,509
4073,Pombhurna,509
4074,Ballarpur,509
4075,Korpana,509
4076,Jiwati,509
4077,Rajura,509
4078,Gondpipri,509
4079,Ner,510
4080,Babulgaon,510
4081,Kalamb,510
4082,Yavatmal,510
4083,Darwha,510
4084,Digras,510
4085,Pusad,510
4086,Umarkhed,510
4087,Mahagaon,510
4088,Arni,510
4089,Ghatanji,510
4090,Kelapur,510
4091,Ralegaon,510
4092,Maregaon,510
4093,Zari-Jamani,510
4094,Wani,510
4095,Mahoor,511
4096,Kinwat,511
4097,Himayatnagar,511
4098,Hadgaon,511
4099,Ardhapur,511
4100,Nanded,511
4101,Mudkhed,511
4102,Bhokar,511
4103,Umri,511
4104,Dharmabad,511
4105,Biloli,511
4106,Naigaon (Khairgaon),511
4107,Loha,511
4108,Kandhar,511
4109,Mukhed,511
4110,Deglur,511
4111,Sengaon,512
4112,Hingoli,512
4113,Aundha (Nagnath),512
4114,Kalamnuri,512
4115,Basmath,512
4116,Sailu,513
4117,Jintur,513
4118,Parbhani,513
4119,Manwath,513
4120,Pathri,513
4121,Sonpeth,513
4122,Gangakhed,513
4123,Palam,513
4124,Purna,513
4125,Bhokardan,514
4126,Jafferabad,514
4127,Jalna,514
4128,Badnapur,514
4129,Ambad,514
4130,Ghansawangi,514
4131,Partur,514
4132,Mantha,514
4133,Kannad,515
4134,Soegaon,515
4135,Sillod,515
4136,Phulambri,515
4137,Aurangabad,515
4138,Khuldabad,515
4139,Vaijapur,515
4140,Gangapur,515
4141,Paithan,515
4142,Surgana,516
4143,Kalwan,516
4144,Deola,516
4145,Baglan,516
4146,Malegaon,516
4147,Nandgaon,516
4148,Chandvad,516
4149,Dindori,516
4150,Peint,516
4151,Trimbakeshwar,516
4152,Nashik,516
4153,Igatpuri,516
4154,Sinnar,516
4155,Niphad,516
4156,Yevla,516
4157,Talasari,517
4158,Dahanu,517
4159,Vikramgad,517
4160,Jawhar,517
4161,Mokhada,517
4162,Vada,517
4163,Palghar,517
4164,Vasai,517
4165,Thane,517
4166,Bhiwandi,517
4167,Shahapur,517
4168,Kalyan,517
4170,Ambarnath,517
4171,Murbad,517
4172,Uran,520
4173,Panvel,520
4174,Karjat,520
4175,Khalapur,520
4176,Pen,520
4177,Alibag,520
4178,Murud,520
4179,Roha,520
4180,Sudhagad,520
4181,Mangaon,520
4182,Tala,520
4183,Shrivardhan,520
4184,Mhasla,520
4185,Mahad,520
4186,Poladpur,520
4187,Junnar,521
4188,Ambegaon,521
4189,Shirur,521
4190,Khed,521
4191,Mawal,521
4192,Mulshi,521
4193,Haveli,521
4194,Pune City,521
4195,Daund,521
4196,Purandhar,521
4197,Velhe,521
4198,Bhor,521
4199,Baramati,521
4200,Indapur,521
4201,Akola,522
4202,Sangamner,522
4203,Kopargaon,522
4204,Rahta,522
4205,Shrirampur,522
4206,Nevasa,522
4207,Shevgaon,522
4208,Pathardi,522
4209,Nagar,522
4210,Rahuri,522
4211,Parner,522
4212,Shrigonda,522
4213,Karjat,522
4214,Jamkhed,522
4215,Ashti,523
4216,Patoda,523
4217,Shirur (Kasar),523
4218,Georai,523
4219,Manjlegaon,523
4220,Wadwani,523
4221,Bid,523
4222,Kaij,523
4223,Dharur,523
4224,Parli,523
4225,Ambejogai,523
4226,Latur,524
4227,Renapur,524
4228,Ahmadpur,524
4229,Jalkot,524
4230,Chakur,524
4231,Shirur-Anantpal,524
4232,Ausa,524
4233,Nilanga,524
4234,Deoni,524
4235,Udgir,524
4236,Paranda,525
4237,Bhum,525
4238,Washi,525
4239,Kalamb,525
4240,Osmanabad,525
4241,Tuljapur,525
4242,Lohara,525
4243,Umarga,525
4244,Karmala,526
4245,Madha,526
4246,Barshi,526
4247,Solapur North,526
4248,Mohol,526
4249,Pandharpur,526
4250,Malshiras,526
4251,Sangole,526
4252,Mangalvedhe,526
4253,Solapur South,526
4254,Akkalkot,526
4255,Mahabaleshwar,527
4256,Wai,527
4257,Khandala,527
4258,Phaltan,527
4259,Man,527
4260,Khatav,527
4261,Koregaon,527
4262,Satara,527
4263,Jaoli,527
4264,Patan,527
4265,Karad,527
4266,Mandangad,528
4267,Dapoli,528
4268,Khed,528
4269,Chiplun,528
4270,Guhagar,528
4271,Ratnagiri,528
4272,Sangameshwar,528
4273,Lanja,528
4274,Rajapur,528
4275,Devgad,529
4276,Vaibhavvadi,529
4277,Kankavli,529
4278,Malwan,529
4279,Vengurla,529
4280,Kudal,529
4281,Sawantwadi,529
4282,Dodamarg,529
4283,Shahuwadi,530
4284,Panhala,530
4285,Hatkanangle,530
4286,Shirol,530
4287,Karvir,530
4288,Bavda,530
4289,Radhanagari,530
4290,Kagal,530
4291,Bhudargad,530
4292,Ajra,530
4293,Gadhinglaj,530
4294,Chandgad,530
4295,Shirala,531
4296,Walwa,531
4297,Palus,531
4298,Kadegaon,531
4299,Khanapur (Vita),531
4300,Atpadi,531
4301,Tasgaon,531
4302,Miraj,531
4303,Kavathemahankal,531
4304,Jat,531
4305,Tamsi,532
4306,Adilabad,532
4307,Jainad,532
4308,Bela,532
4309,Talamadugu,532
4310,Gudihathnoor,532
4311,Inderavelly,532
4312,Narnoor,532
4313,Kerameri,532
4314,Wankdi,532
4315,Sirpur (T),532
4316,Kouthala,532
4317,Bejjur,532
4318,Kagaznagar,532
4319,Asifabad,532
4320,Jainoor,532
4321,Utnoor,532
4322,Ichoda,532
4323,Bazarhathnoor,532
4324,Boath,532
4325,Neradigonda,532
4326,Sirpur,532
4327,Rebbana,532
4328,Bhimini,532
4329,Dahegaon,532
4330,Vemanpalle,532
4331,Nennal,532
4332,Tandur,532
4333,Tiryani,532
4334,Jannaram,532
4335,Kaddam (Peddur),532
4336,Sarangapur,532
4337,Kuntala,532
4338,Kubeer,532
4339,Bhainsa,532
4340,Tanoor,532
4341,Mudhole,532
4342,Lokeswaram,532
4343,Dilawarpur,532
4344,Nirmal,532
4345,Laxmanchanda,532
4346,Mamda,532
4347,Khanapur,532
4348,Dandepalle,532
4349,Kasipet,532
4350,Bellampalle,532
4351,Kotapalle,532
4352,Mandamarri,532
4353,Luxettipet,532
4354,Mancherial,532
4355,Jaipur,532
4356,Chennur,532
4357,Ranjal,533
4358,Navipet,533
4359,Nandipet,533
4360,Armur,533
4361,Balkonda,533
4362,Mortad,533
4363,Kammarpalle,533
4364,Bheemgal,533
4365,Velpur,533
4366,Jakranpalle,533
4367,Makloor,533
4368,Nizamabad,533
4369,Yedpalle,533
4370,Bodhan,533
4371,Kotgiri,533
4372,Madnoor,533
4373,Jukkal,533
4374,Bichkunda,533
4375,Birkoor,533
4376,Varni,533
4377,Dichpalle,533
4378,Dharpalle,533
4379,Sirkonda,533
4380,Machareddy,533
4381,Sadasivanagar,533
4382,Gandhari,533
4383,Banswada,533
4384,Pitlam,533
4385,Nizamsagar,533
4386,Yellareddy,533
4387,Nagareddipet,533
4388,Lingampet,533
4389,Tadwai,533
4390,Kamareddy,533
4391,Bhiknoor,533
4392,Domakonda,533
4393,Ibrahimpatnam,534
4394,Mallapur,534
4395,Raikal,534
4396,Sarangapur,534
4397,Dharmapuri,534
4398,Velgatoor,534
4399,Ramagundam,534
4400,Kamanpur,534
4401,Manthani,534
4402,Kataram,534
4403,Mahadevpur,534
4404,Mutharam (Mahadevpur),534
4405,Malharrao,534
4406,Mutharam (Manthani),534
4407,Srirampur,534
4408,Peddapalle,534
4409,Julapalle,534
4410,Elgaid,534
4411,Dharmaram,534
4412,Gollapalle,534
4413,Mallial,534
4414,Jagtial,534
4415,Medipalle,534
4416,Koratla,534
4417,Metpalle,534
4418,Kathlapur,534
4419,Chandurthi,534
4420,Kodimial,534
4421,Pegadapalle,534
4422,Gangadhara,534
4423,Ramadugu,534
4424,Choppadandi,534
4425,Sultanabad,534
4426,Odela,534
4427,Manakondur,534
4428,Karimnagar,534
4429,Boinpalle,534
4430,Vemulawada,534
4431,Konaraopeta,534
4432,Yellareddipet,534
4433,Gambhiraopet,534
4434,Mustabad,534
4435,Sircilla,534
4436,Ellanthakunta,534
4437,Bejjanki,534
4438,Timmapur (LMD Colony),534
4439,Veenavanka,534
4440,Jammikunta,534
4441,Shankarapatnam,534
4442,Chigurumamidi,534
4443,Koheda,534
4444,Husnabad,534
4445,Saidapur,534
4446,Huzurabad,534
4447,Kamalapur,534
4448,Bheemadevarpalle,534
4449,Elkathurthi,534
4450,Kangti,535
4451,Manoor,535
4452,Narayankhed,535
4453,Kalher,535
4454,Shankarampet (A),535
4455,Papannapet,535
4456,Medak,535
4457,Ramayampet,535
4458,Dubbak,535
4459,Siddipet,535
4460,Chinnakodur,535
4461,Nangnoor,535
4462,Kondapak,535
4463,Thoguta,535
4464,Mirdoddi,535
4465,Doultabad,535
4466,Chegunta,535
4467,Shankarampet (R),535
4468,Kulcharam,535
4469,Tekmal,535
4470,Alladurg,535
4471,Regode,535
4472,Raikode,535
4473,Nyalkal,535
4474,Zahirabad,535
4475,Kohir,535
4476,Jharasangam,535
4477,Munpalle,535
4478,Pulkal,535
4479,Andole,535
4480,Kowdipalle,535
4481,Yeldurthy,535
4482,Tupran,535
4483,Gajwel,535
4484,Jagdevpur,535
4485,Wargal,535
4486,Mulug,535
4487,Shivampet,535
4488,Narsapur,535
4489,Hathnoora,535
4490,Sadasivpet,535
4491,Kondapur,535
4492,Sangareddy,535
4493,Jinnaram,535
4494,Patancheru,535
4495,Ramachandrapuram,535
4501,Musheerabad,536
4512,Marpalle,537
4513,Mominpet,537
4514,Nawabpet,537
4515,Shankarpalle,537
4518,Qutubullapur,537
4519,Medchal,537
4520,Shamirpet,537
4522,Keesara,537
4523,Ghatkesar,537
4525,Hayathnagar,537
4526,Saroornagar,537
4527,Rajendranagar,537
4528,Moinabad,537
4529,Chevella,537
4530,Vicarabad,537
4531,Dharur,537
4532,Bantwaram,537
4533,Peddemul,537
4534,Tandur,537
4535,Basheerabad,537
4536,Yelal,537
4537,Doma,537
4538,Gandeed,537
4539,Kulkacharla,537
4540,Pargi,537
4541,Pudur,537
4542,Shabad,537
4543,Shamshabad,537
4544,Maheswaram,537
4545,Kandukur,537
4546,Ibrahimpatnam,537
4547,Manchal,537
4548,Yacharam,537
4549,Kodangal,538
4550,Bomraspet,538
4551,Kosgi,538
4552,Doulathabad,538
4553,Damaragidda,538
4554,Maddur,538
4555,Hanwada,538
4556,Nawabpet,538
4557,Balanagar,538
4558,Kondurg,538
4559,Farooqnagar,538
4560,Kothur,538
4561,Keshampet,538
4562,Talakondapalle,538
4563,Amangal,538
4564,Madgul,538
4565,Veldanda,538
4566,Midjil,538
4567,Jadcherla,538
4568,Mahbubnagar,538
4569,Koilkonda,538
4570,Narayanpet,538
4571,Utkoor,538
4572,Dhanwada,538
4573,Devarkadra,538
4574,Bhoothpur,538
4575,Thimmajipet,538
4576,Kalwakurthy,538
4577,Vangoor,538
4578,Amrabad,538
4579,Achampet,538
4580,Uppununthala,538
4581,Telkapalle,538
4582,Tadoor,538
4583,Nagarkurnool,538
4584,Bijinapalle,538
4585,Ghanpur,538
4586,Addakal,538
4587,Chinnachintakunta,538
4588,Narva,538
4589,Makthal,538
4590,Maganoor,538
4591,Dharur,538
4592,Atmakur,538
4593,Kothakota,538
4594,Peddamandadi,538
4595,Wanaparthy,538
4596,Gopalpeta,538
4597,Balmoor,538
4598,Lingal,538
4599,Peddakothapalle,538
4600,Kodair,538
4601,Pangal,538
4602,Pebbair,538
4603,Gadwal,538
4604,Maldakal,538
4605,Ghattu,538
4606,Ieej,538
4607,Itikyal,538
4608,Veepangandla,538
4609,Kollapur,538
4610,Waddepalle,538
4611,Manopad,538
4612,Alampur,538
4613,Bommalaramaram,539
4614,M.Turkapalle,539
4615,Rajapet,539
4616,Yadagirigutta,539
4617,Alair,539
4618,Gundala,539
4619,Thirumalgiri,539
4620,Thungathurthi,539
4621,Nuthankal,539
4622,Atmakur (S),539
4623,Jaji Reddi Gudem,539
4624,Sali Gouraram,539
4625,Mothkur,539
4626,Atmakur (M),539
4627,Valigonda,539
4628,Bhongir,539
4629,Bibinagar,539
4630,Pochampalle,539
4631,Choutuppal,539
4632,Ramannapeta,539
4633,Chityala,539
4634,Narketpalle,539
4635,Kattangoor,539
4636,Nakrekal,539
4637,Kethe Palle,539
4638,Suryapet,539
4639,Chivvemla,539
4640,Mothey,539
4641,Nadigudem,539
4642,Munagala,539
4643,Penpahad,539
4644,Vemulapalle,539
4645,Thipparthi,539
4646,Nalgonda,539
4647,Munugode,539
4648,Narayanapur,539
4649,Marriguda,539
4650,Chintha Palle,539
4651,Gundla Palle,539
4652,Chandam Pet,539
4653,Devarakonda,539
4654,Nampalle,539
4655,Chandur,539
4656,Kangal,539
4657,Gurrampode,539
4658,Pedda Adiserla Palle,539
4659,Peddavoora,539
4660,Anumula,539
4661,Nidamanur,539
4662,Thripuraram,539
4663,Dameracherla,539
4664,Miryalaguda,539
4665,Neredcherla,539
4666,Garide Palle,539
4667,Chilkur,539
4668,Kodad,539
4669,Huzurnagar,539
4670,Mattam Palle,539
4671,Mella Cheruvu,539
4672,Cherial,540
4673,Maddur,540
4674,Bachannapet,540
4675,Narmetta,540
4676,Ghanpur (Station),540
4677,Dharmasagar,540
4678,Hasanparthy,540
4679,Parkal,540
4680,Mogullapalle,540
4681,Chityal,540
4682,Bhupalpalle,540
4683,Ghanpur (Mulug),540
4684,Venkatapur,540
4685,Eturnagaram,540
4686,Mangapet,540
4687,Tadvai,540
4688,Govindaraopet,540
4689,Mulug,540
4690,Regonda,540
4691,Shayampet,540
4692,Nallabelly,540
4693,Duggondi,540
4694,Atmakur,540
4695,Hanamkonda,540
4696,Zaffergadh,540
4697,Palakurthi,540
4698,Raghunathpalle,540
4699,Jangaon,540
4700,Lingalaghanpur,540
4701,Devaruppula,540
4702,Kodakandla,540
4703,Raiparthy,540
4704,Wardhannapet,540
4705,Sangam,540
4707,Geesugonda,540
4708,Narsampet,540
4709,Khanapur,540
4710,Kothagudem,540
4711,Gudur,540
4712,Chennaraopet,540
4713,Nekkonda,540
4714,Parvathagiri,540
4715,Thorrur,540
4716,Nellikudur,540
4717,Kesamudram,540
4718,Mahabubabad,540
4719,Narsimhulapet,540
4720,Maripeda,540
4721,Kuravi,540
4722,Dornakal,540
4723,Wazeed,541
4724,Venkatapuram,541
4725,Pinapaka,541
4726,Cherla,541
4727,Manuguru,541
4728,Aswapuram,541
4729,Dummugudem,541
4730,Bhadrachalam,541
4731,Kunavaram,541
4732,Chintur,541
4733,Vararamachandrapuram,541
4734,Velairpadu,541
4735,Kukunoor,541
4736,Burgampahad,541
4737,Palwancha,541
4738,Kothagudem,541
4739,Tekulapalle,541
4740,Yellandu,541
4741,Gundala,541
4742,Bayyaram,541
4743,Garla,541
4744,Singareni,541
4745,Kamepalle,541
4746,Julurpad,541
4747,Chandrugonda,541
4748,Mulkalapalle,541
4749,Aswaraopeta,541
4750,Dammapeta,541
4751,Sathupalle,541
4752,Penuballi,541
4753,Enkuru,541
4754,Thirumalayapalem,541
4755,Kusumanchi,541
4756,Khammam (Rural),541
4757,Khammam (Urban),541
4758,Mudigonda,541
4759,Nelakondapalle,541
4760,Chinthakani,541
4761,Konijerla,541
4762,Tallada,541
4763,Kallur,541
4764,Wyra,541
4765,Bonakal,541
4766,Madhira,541
4767,Yerrupalem,541
4768,Vemsoor,541
4769,Veeraghattam,542
4770,Seethampeta,542
4771,Bhamini,542
4772,Kothuru,542
4773,Pathapatnam,542
4774,Meliaputti,542
4775,Palasa,542
4776,Mandasa,542
4777,Kanchili,542
4778,Ichchapuram,542
4779,Kaviti,542
4780,Sompeta,542
4781,Vajrapukothuru,542
4782,Nandigam,542
4783,Hiramandalam,542
4784,Palakonda,542
4785,Vangara,542
4786,Regidi Amadalavalasa,542
4787,Lakshminarsupeta,542
4788,Saravakota,542
4789,Tekkali,542
4790,Santhabommali,542
4791,Kotabommali,542
4792,Jalumuru,542
4793,Sarubujjili,542
4794,Burja,542
4795,Santhakaviti,542
4796,Rajam,542
4797,Ganguvarisigadam,542
4798,Amadalavalasa,542
4799,Narasannapeta,542
4800,Polaki,542
4801,Gara,542
4802,Srikakulam,542
4803,Ponduru,542
4804,Laveru,542
4805,Ranastalam,542
4806,Etcherla,542
4807,Komarada,543
4808,Gummalakshmipuram,543
4809,Kurupam,543
4810,Jiyyammavalasa,543
4811,Garugubilli,543
4812,Parvathipuram,543
4813,Makkuva,543
4814,Seethanagaram,543
4815,Balijipeta,543
4816,Bobbili,543
4817,Salur,543
4818,Pachipenta,543
4819,Ramabhadrapuram,543
4820,Badangi,543
4821,Therlam,543
4822,Merakamudidam,543
4823,Dattirajeru,543
4824,Mentada,543
4825,Gajapathinagaram,543
4826,Garividi,543
4827,Cheepurupalle,543
4828,Gurla,543
4829,Bondapalle,543
4830,Gantyada,543
4831,Srungavarapukota,543
4832,Vepada,543
4833,Lakkavarapukota,543
4834,Kothavalasa,543
4835,Jami,543
4836,Vizianagaram,543
4837,Nellimarla,543
4838,Pusapatirega,543
4839,Denkada,543
4840,Bhogapuram,543
4841,Munchingi Puttu,544
4842,Peda Bayalu,544
4843,Dumbriguda,544
4844,Araku Valley,544
4845,Ananthagiri,544
4846,Hukumpeta,544
4847,Paderu,544
4848,G.Madugula,544
4849,Chintapalle,544
4850,Gudem Kotha Veedhi,544
4851,Koyyuru,544
4852,Nathavaram,544
4853,Golugonda,544
4854,Narsipatnam,544
4855,Rolugunta,544
4856,Ravikamatham,544
4857,Madugula,544
4858,Cheedikada,544
4859,Devarapalle,544
4860,K.Kotapadu,544
4861,Sabbavaram,544
4862,Pendurthi,544
4863,Anandapuram,544
4864,Padmanabham,544
4865,Bheemunipatnam,544
4870,Paravada,544
4871,Anakapalle,544
4872,Chodavaram,544
4873,Butchayyapeta,544
4874,Kotauratla,544
4875,Makavarapalem,544
4876,Kasimkota,544
4877,Munagapaka,544
4878,Atchutapuram,544
4879,Yelamanchili,544
4880,Nakkapalle,544
4881,Payakaraopeta,544
4882,S.Rayavaram,544
4883,Rambilli,544
4884,Maredumilli,545
4885,Devipatnam,545
4886,Y. Ramavaram,545
4887,Addateegala,545
4888,Rajavommangi,545
4889,Kotananduru,545
4890,Tuni,545
4891,Rowthulapudi,545
4892,Sankhavaram,545
4893,Yeleswaram,545
4894,Gangavaram,545
4895,Rampachodavaram,545
4896,Seethanagaram,545
4897,Gokavaram,545
4898,Jaggampeta,545
4899,Kirlampudi,545
4900,Prathipadu,545
4901,Thondangi,545
4902,Gollaprolu,545
4903,Peddapuram,545
4904,Gandepalle,545
4905,Korukonda,545
4907,Rajahmundry Rural,545
4908,Rajanagaram,545
4909,Rangampeta,545
4910,Samalkota,545
4911,Pithapuram,545
4912,Kothapalle,545
4913,Kakinada (Rural),545
4915,Pedapudi,545
4916,Biccavolu,545
4917,Anaparthy,545
4918,Kadiam,545
4919,Atreyapuram,545
4920,Mandapeta,545
4921,Rayavaram,545
4922,Karapa,545
4923,Kajuluru,545
4924,Ramachandrapuram,545
4925,Alamuru,545
4926,Ravulapalem,545
4927,Kothapeta,545
4928,Kapileswarapuram,545
4929,Pamarru,545
4930,Thallarevu,545
4931,I. Polavaram,545
4932,Mummidivaram,545
4933,Ainavilli,545
4934,P.Gannavaram,545
4935,Ambajipeta,545
4936,Mamidikuduru,545
4937,Razole,545
4938,Malikipuram,545
4939,Sakhinetipalle,545
4940,Allavaram,545
4941,Amalapuram,545
4942,Uppalaguptam,545
4943,Katrenikona,545
4944,Chintalapudi,546
4945,Lingapalem,546
4946,T.Narasapuram,546
4947,Jeelugu Milli,546
4948,Buttayagudem,546
4949,Polavaram,546
4950,Tallapudi,546
4951,Gopalapuram,546
4952,Koyyalagudem,546
4953,Jangareddigudem,546
4954,Kamavarapukota,546
4955,Dwarakatirumala,546
4956,Nallajerla,546
4957,Devarapalle,546
4958,Kovvur,546
4959,Chagallu,546
4960,Nidadavole,546
4961,Tadepalligudem,546
4962,Unguturu,546
4963,Bhimadole,546
4964,Pedavegi,546
4965,Pedapadu,546
4966,Eluru,546
4967,Denduluru,546
4968,Nidamarru,546
4969,Pentapadu,546
4970,Undrajavaram,546
4971,Peravali,546
4972,Tanuku,546
4973,Attili,546
4974,Ganapavaram,546
4975,Akividu,546
4976,Undi,546
4977,Palacoderu,546
4978,Penumantra,546
4979,Iragavaram,546
4980,Penugonda,546
4981,Achanta,546
4982,Poduru,546
4983,Veeravasaram,546
4984,Bhimavaram,546
4985,Kalla,546
4986,Mogalthur,546
4987,Narasapuram,546
4988,Palacole,546
4989,Yelamanchili,546
4990,Vatsavai,547
4991,Jaggayyapeta,547
4992,Penuganchiprolu,547
4993,Nandigama,547
4994,Veerullapadu,547
4995,Mylavaram,547
4996,Gampalagudem,547
4997,Tiruvuru,547
4998,A.Konduru,547
4999,Reddigudem,547
5000,Vissannapet,547
5001,Chatrai,547
5002,Musunuru,547
5003,Nuzvid,547
5004,Bapulapadu,547
5005,Agiripalle,547
5006,G.Konduru,547
5007,Kanchikacherla,547
5008,Chandarlapadu,547
5009,Ibrahimpatnam,547
5011,Vijayawada (Rural),547
5012,Gannavaram,547
5013,Unguturu,547
5014,Nandivada,547
5015,Mandavalli,547
5016,Kaikalur,547
5017,Kalidindi,547
5018,Kruthivennu,547
5019,Bantumilli,547
5020,Mudinepalle,547
5021,Gudivada,547
5022,Pedaparupudi,547
5023,Kankipadu,547
5024,Penamaluru,547
5025,Thotlavalluru,547
5026,Pamidimukkala,547
5027,Vuyyuru,547
5028,Pamarru,547
5029,Gudlavalleru,547
5030,Pedana,547
5031,Guduru,547
5032,Movva,547
5033,Ghantasala,547
5034,Machilipatnam,547
5035,Challapalle,547
5036,Mopidevi,547
5037,Avanigadda,547
5038,Nagayalanka,547
5039,Koduru,547
5040,Macherla,548
5041,Veldurthi,548
5042,Durgi,548
5043,Rentachintala,548
5044,Gurazala,548
5045,Dachepalle,548
5046,Karempudi,548
5047,Piduguralla,548
5048,Machavaram,548
5049,Bellamkonda,548
5050,Atchampet,548
5051,Krosuru,548
5052,Amaravathi,548
5053,Thullur,548
5054,Tadepalle,548
5055,Mangalagiri,548
5056,Tadikonda,548
5057,Pedakurapadu,548
5058,Sattenapalle,548
5059,Rajupalem,548
5060,Nekarikallu,548
5061,Bollapalle,548
5062,Vinukonda,548
5063,Nuzendla,548
5064,Savalyapuram H/O Kanamarlapudi,548
5065,Ipur,548
5066,Rompicherla,548
5067,Narasaraopet,548
5068,Muppalla,548
5069,Nadendla,548
5070,"Chilakaluripet
 H/O.Purushotha Patnam",548
5071,Edlapadu,548
5072,Phirangipuram,548
5073,Medikonduru,548
5074,Guntur,548
5075,Pedakakani,548
5076,Duggirala,548
5077,Kollipara,548
5078,Tenali,548
5079,Chebrolu,548
5080,Vatticherukuru,548
5081,Prathipadu,548
5082,Pedanandipadu,548
5083,Kakumanu,548
5084,Ponnur,548
5085,Tsundur,548
5086,Amruthalur,548
5087,Vemuru,548
5088,Kollur,548
5089,Bhattiprolu,548
5090,Cherukupalle H/O Arumbaka,548
5091,Pittalavanipalem,548
5092,Karlapalem,548
5093,Bapatla,548
5094,Nizampatnam,548
5095,Nagaram,548
5096,Repalle,548
5097,Yerragondapalem,549
5098,Pullalacheruvu,549
5099,Tripuranthakam,549
5100,Dornala,549
5101,Peda  Araveedu,549
5102,Donakonda,549
5103,Kurichedu,549
5104,Santhamaguluru,549
5105,Ballikurava,549
5106,Martur,549
5107,Yeddana Pudi,549
5108,Parchur,549
5109,Karamchedu,549
5110,Inkollu,549
5111,Janakavarampanguluru,549
5112,Addanki,549
5113,Mundlamuru,549
5114,Darsi,549
5115,Markapur,549
5116,Ardhaveedu,549
5117,Cumbum,549
5118,Tarlupadu,549
5119,Konakanamitla,549
5120,Podili,549
5121,Thallur,549
5122,Korisapadu,549
5123,Chirala,549
5124,Vetapalem,549
5125,Chinaganjam,549
5126,Naguluppala Padu,549
5127,Maddipadu,549
5128,Chimakurthi,549
5129,Marripudi,549
5130,Hanumanthuni Padu,549
5131,Bestawaripeta,549
5132,Racherla,549
5133,Giddalur,549
5134,Komarolu,549
5135,Veligandla,549
5136,Kanigiri,549
5137,Kondapi,549
5138,Santhanuthala Padu,549
5139,Ongole,549
5140,Kotha Patnam,549
5141,Tangutur,549
5142,Zarugumilli,549
5143,Ponnaluru,549
5144,Pedacherlo Palle,549
5145,Chandra Sekhara Puram,549
5146,Pamur,549
5147,Voletivaripalem,549
5148,Kandukur,549
5149,Singarayakonda,549
5150,Lingasamudram,549
5151,Gudluru,549
5152,Ulavapadu,549
5153,Seetharamapuram,550
5154,Udayagiri,550
5155,Varikuntapadu,550
5156,Kondapuram,550
5157,Jaladanki,550
5158,Kavali,550
5159,Bogole,550
5160,Kaligiri,550
5161,Vinjamur,550
5162,Duttalur,550
5163,Marripadu,550
5164,Atmakur,550
5165,Anumasamudrampeta,550
5166,Dagadarthi,550
5167,Allur,550
5168,Vidavalur,550
5169,Kodavalur,550
5170,Buchireddipalem,550
5171,Sangam,550
5172,Chejerla,550
5173,Ananthasagaram,550
5174,Kaluvoya,550
5175,Rapur,550
5176,Podalakur,550
5177,Nellore,550
5178,Kovur,550
5179,Indukurpet,550
5180,Thotapalligudur,550
5181,Muthukur,550
5182,Venkatachalam,550
5183,Manubolu,550
5184,Gudur,550
5185,Sydapuram,550
5186,Dakkili,550
5187,Venkatagiri,550
5188,Balayapalle,550
5189,Ojili,550
5190,Chillakur,550
5191,Kota,550
5192,Vakadu,550
5193,Chittamur,550
5194,Naidupet,550
5195,Pellakur,550
5196,Doravarisatram,550
5197,Sullurpeta,550
5198,Tada,550
5199,Kondapuram,551
5200,Mylavaram,551
5201,Peddamudium,551
5202,Rajupalem,551
5203,Duvvur,551
5204,S.Mydukur,551
5205,Brahmamgarimattam,551
5206,Sri Avadhutha Kasinayana,551
5207,Kalasapadu,551
5208,Porumamilla,551
5209,B.Kodur,551
5210,Badvel,551
5211,Gopavaram,551
5212,Khajipet,551
5213,Chapad,551
5214,Proddatur,551
5215,Jammalamadugu,551
5216,Muddanur,551
5217,Simhadripuram,551
5218,Lingala,551
5219,Pulivendla,551
5220,Vemula,551
5221,Thondur,551
5222,Veerapunayunipalle,551
5223,Yerraguntla,551
5224,Kamalapuram,551
5225,Vallur,551
5226,Chennur,551
5227,Atlur,551
5228,Vontimitta,551
5229,Sidhout,551
5231,Chinthakommadinne,551
5232,Pendlimarri,551
5233,Vempalle,551
5234,Chakrayapet,551
5235,Galiveedu,551
5236,Chinnamandem,551
5237,Sambepalle,551
5238,T Sundupalle,551
5239,Rayachoti,551
5240,Lakkireddipalle,551
5241,Ramapuram,551
5242,Veeraballe,551
5243,Nandalur,551
5244,Penagalur,551
5245,Chitvel,551
5246,Rajampet,551
5247,Pullampeta,551
5248,Obulavaripalle,551
5249,Kodur,551
5250,Mantralayam,552
5251,Kosigi,552
5252,Kowthalam,552
5253,Pedda Kadubur,552
5254,Yemmiganur,552
5255,Nandavaram,552
5256,C.Belagal,552
5257,Gudur,552
5258,Kallur,552
5259,Kurnool,552
5260,Nandikotkur,552
5261,Pagidyala,552
5262,Jupadu Bungalow,552
5263,Kothapalle,552
5264,Srisailam,552
5265,Atmakur,552
5266,Pamulapadu,552
5267,Midthur,552
5268,Orvakal,552
5269,Kodumur,552
5270,Gonegandla,552
5271,Adoni,552
5272,Holagunda,552
5273,Halaharvi,552
5274,Alur,552
5275,Aspari,552
5276,Devanakonda,552
5277,Krishnagiri,552
5278,Veldurthi,552
5279,Bethamcherla,552
5280,Panyam,552
5281,Gadivemula,552
5282,Velgode,552
5283,Bandi Atmakur,552
5284,Nandyal,552
5285,Mahanandi,552
5286,Sirvel,552
5287,Gospadu,552
5288,Banaganapalle,552
5289,Dhone,552
5290,Pattikonda,552
5291,Chippagiri,552
5292,Maddikera (East),552
5293,Tuggali,552
5294,Peapally,552
5295,Owk,552
5296,Koilkuntla,552
5297,Rudravaram,552
5298,Allagadda,552
5299,Dornipadu,552
5300,Sanjamala,552
5301,Kolimigundla,552
5302,Uyyalawada,552
5303,Chagalamarri,552
5304,D.Hirehal,553
5305,Rayadurg,553
5306,Kanekal,553
5307,Bommanahal,553
5308,Vidapanakal,553
5309,Guntakal,553
5310,Gooty,553
5311,Peddavadugur,553
5312,Yadiki,553
5313,Tadpatri,553
5314,Peddapappur,553
5315,Pamidi,553
5316,Vajrakarur,553
5317,Uravakonda,553
5318,Beluguppa,553
5319,Gummagatta,553
5320,Brahmasamudram,553
5321,Kalyandurg,553
5322,Atmakur,553
5323,Kudair,553
5324,Garladinne,553
5325,Singanamala,553
5326,Putlur,553
5327,Yellanur,553
5328,Narpala,553
5329,Bukkaraya Samudram,553
5330,Anantapur,553
5331,Raptadu,553
5332,Settur,553
5333,Kundurpi,553
5334,Kambadur,553
5335,Kanaganapalle,553
5336,Dharmavaram,553
5337,Bathalapalle,553
5338,Tadimarri,553
5339,Mudigubba,553
5340,Talupula,553
5341,Nambulipulikunta,553
5342,Gandlapenta,553
5343,Kadiri,553
5344,Nallamada,553
5345,Bukkapatnam,553
5346,Kothacheruvu,553
5347,Chennekothapalle,553
5348,Ramagiri,553
5349,Roddam,553
5350,Madakasira,553
5351,Amarapuram,553
5352,Gudibanda,553
5353,Rolla,553
5354,Agali,553
5355,Parigi,553
5356,Penukonda,553
5357,Puttaparthi,553
5358,Obuladevaracheruvu,553
5359,Nallacheruvu,553
5360,Tanakal,553
5361,Amadagur,553
5362,Gorantla,553
5363,Somandepalle,553
5364,Hindupur,553
5365,Lepakshi,553
5366,Chilamathur,553
5367,Mulakalacheruvu,554
5368,Thamballapalle,554
5369,Peddamandyam,554
5370,Gurramkonda,554
5371,Kalakada,554
5372,Kambhamvaripalle,554
5373,Rompicherla,554
5374,Yerravaripalem,554
5375,Tirupati (Rural),554
5376,Renigunta,554
5377,Yerpedu,554
5378,Srikalahasti,554
5379,Thottambedu,554
5380,Buchinaidu Kandriga,554
5381,Varadaiahpalem,554
5382,K.V.B.Puram,554
5383,Tirupati (Urban),554
5384,Chandragiri,554
5385,Chinnagottigallu,554
5386,Pileru,554
5387,Kalikiri,554
5388,Valmikipuram,554
5389,Kurabalakota,554
5390,Pedda Thippasamudram,554
5391,B.Kothakota,554
5392,Madanapalle,554
5393,Nimmanapalle,554
5394,Sodam,554
5395,Pulicherla,554
5396,Pakala,554
5397,Vedurukuppam,554
5398,Ramachandrapuram,554
5399,Vadamalapeta,554
5400,Narayanavanam,554
5401,Pichatur,554
5402,Satyavedu,554
5403,Nagalapuram,554
5404,Nindra,554
5405,Vijayapuram,554
5406,Nagari,554
5407,Puttur,554
5408,Karvetinagar,554
5409,Penumuru,554
5410,Puthalapattu,554
5411,Irala,554
5412,Somala,554
5413,Chowdepalle,554
5414,Ramasamudram,554
5415,Punganur,554
5416,Peddapanjani,554
5417,Gangavaram,554
5418,Thavanampalle,554
5419,Srirangarajapuram,554
5420,Gangadhara Nellore,554
5421,Chittoor,554
5422,Palamaner,554
5423,Baireddipalle,554
5424,Venkatagirikota,554
5425,Santhipuram,554
5426,Gudupalle,554
5427,Kuppam,554
5428,Ramakuppam,554
5429,Bangarupalem,554
5430,Yadamarri,554
5431,Gudipala,554
5432,Palasamudram,554
5433,Chikodi,555
5434,Athni,555
5435,Raybag,555
5436,Gokak,555
5437,Hukeri,555
5438,Belgaum,555
5439,Khanapur,555
5440,Sampgaon,555
5441,Parasgad,555
5442,Ramdurg,555
5443,Jamkhandi,556
5444,Bilgi,556
5445,Mudhol,556
5446,Badami,556
5447,Bagalkot,556
5448,Hungund,556
5449,Bijapur,557
5450,Indi,557
5451,Sindgi,557
5452,Basavana Bagevadi,557
5453,Muddebihal,557
5454,Basavakalyan,558
5455,Bhalki,558
5456,Aurad,558
5457,Bidar,558
5458,Homnabad,558
5459,Lingsugur,559
5460,Devadurga,559
5461,Raichur,559
5462,Manvi,559
5463,Sindhnur,559
5464,Yelbarga,560
5465,Kushtagi,560
5466,Gangawati,560
5467,Koppal,560
5468,Nargund,561
5469,Ron,561
5470,Gadag,561
5471,Shirhatti,561
5472,Mundargi,561
5473,Dharwad,562
5474,Navalgund,562
5475,Hubli,562
5476,Kalghatgi,562
5477,Kundgol,562
5478,Karwar,563
5479,Supa,563
5480,Haliyal,563
5481,Yellapur,563
5482,Mundgod,563
5483,Sirsi,563
5484,Ankola,563
5485,Kumta,563
5486,Siddapur,563
5487,Honavar,563
5488,Bhatkal,563
5489,Shiggaon,564
5490,Savanur,564
5491,Hangal,564
5492,Haveri,564
5493,Byadgi,564
5494,Hirekerur,564
5495,Ranibennur,564
5496,Hadagalli,565
5497,Hagaribommanahalli,565
5498,Hospet,565
5499,Siruguppa,565
5500,Bellary,565
5501,Sandur,565
5502,Kudligi,565
5503,Molakalmuru,566
5504,Challakere,566
5505,Chitradurga,566
5506,Holalkere,566
5507,Hosdurga,566
5508,Hiriyur,566
5509,Harihar,567
5510,Harapanahalli,567
5511,Jagalur,567
5512,Davanagere,567
5513,Honnali,567
5514,Channagiri,567
5515,Sagar,568
5516,Sorab,568
5517,Shikarpur,568
5518,Hosanagara,568
5519,Tirthahalli,568
5520,Shimoga,568
5521,Bhadravati,568
5522,Kundapura,569
5523,Udupi,569
5524,Karkal,569
5525,Sringeri,570
5526,Koppa,570
5527,Narasimharajapura,570
5528,Tarikere,570
5529,Kadur,570
5530,Chikmagalur,570
5531,Mudigere,570
5532,Chiknayakanhalli,571
5533,Sira,571
5534,Pavagada,571
5535,Madhugiri,571
5536,Koratagere,571
5537,Tumkur,571
5538,Gubbi,571
5539,Tiptur,571
5540,Turuvekere,571
5541,Kunigal,571
5542,Bangalore North,572
5543,Bangalore South,572
5544,Bangalore East,572
5545,Anekal,572
5546,Krishnarajpet,573
5547,Nagamangala,573
5548,Pandavapura,573
5549,Shrirangapattana,573
5550,Mandya,573
5551,Maddur,573
5552,Malavalli,573
5553,Sakleshpur,574
5554,Belur,574
5555,Arsikere,574
5556,Hassan,574
5557,Alur,574
5558,Arkalgud,574
5559,Hole Narsipur,574
5560,Channarayapatna,574
5561,Mangalore,575
5562,Bantval,575
5563,Beltangadi,575
5564,Puttur,575
5565,Sulya,575
5566,Madikeri,576
5567,Somvarpet,576
5568,Virajpet,576
5569,Piriyapatna,577
5570,Hunsur,577
5571,Krishnarajanagara,577
5572,Mysore,577
5573,Heggadadevankote,577
5574,Nanjangud,577
5575,Tirumakudal - Narsipur,577
5576,Gundlupet,578
5577,Chamarajanagar,578
5578,Yelandur,578
5579,Kollegal,578
5580,Aland,579
5581,Afzalpur,579
5582,Gulbarga,579
5583,Chincholi,579
5584,Sedam,579
5585,Chitapur,579
5586,Jevargi,579
5587,Shorapur,580
5588,Shahpur,580
5589,Yadgir,580
5590,Srinivaspur,581
5591,Kolar,581
5592,Malur,581
5593,Bangarapet,581
5594,Mulbagal,581
5595,Gauribidanur,582
5596,Chikkaballapura,582
5597,Gudibanda,582
5598,Bagepalli,582
5599,Sidlaghatta,582
5600,Chintamani,582
5601,Nelamangala,583
5602,Dod Ballapur,583
5603,Devanahalli,583
5604,Hosakote,583
5605,Magadi,584
5606,Ramanagara,584
5607,Channapatna,584
5608,Kanakapura,584
5609,Pernem,585
5610,Bardez,585
5611,Tiswadi,585
5612,Bicholim,585
5613,Satari,585
5614,Ponda,585
5615,Mormugao,586
5616,Salcete,586
5617,Quepem,586
5618,Sanguem,586
5619,Canacona,586
5620,Amini,587
5621,Bitra,587
5622,Chetlat,587
5623,Kiltan,587
5624,Kadmat,587
5625,Kavaratti,587
5626,Agatti,587
5627,Andrott,587
5628,Kalpeni,587
5629,Minicoy,587
5630,Kasaragod,588
5631,Hosdurg,588
5632,Taliparamba,589
5633,Kannur,589
5634,Thalassery,589
5635,Mananthavady,590
5636,Sulthanbathery,590
5637,Vythiri,590
5638,Vadakara,591
5639,Quilandy,591
5640,Kozhikode,591
5641,Ernad,592
5642,Nilambur,592
5643,Perinthalmanna,592
5644,Tirur,592
5645,Tirurangadi,592
5646,Ponnani,592
5647,Ottappalam,593
5648,Mannarkad,593
5649,Palakkad,593
5650,Chittur,593
5651,Alathur,593
5652,Talappilly,594
5653,Chavakkad,594
5654,Thrissur,594
5655,Kodungallur,594
5656,Mukundapuram,594
5657,Kunnathunad,595
5658,Aluva,595
5659,Paravur,595
5660,Kochi,595
5661,Kanayannur,595
5662,Muvattupuzha,595
5663,Kothamangalam,595
5664,Devikulam,596
5665,Udumbanchola,596
5666,Thodupuzha,596
5667,Peerumade,596
5668,Meenachil,597
5669,Vaikom,597
5670,Kottayam,597
5671,Changanassery,597
5672,Kanjirappally,597
5673,Cherthala,598
5674,Ambalappuzha,598
5675,Kuttanad,598
5676,Karthikappally,598
5677,Chengannur,598
5678,Mavelikkara,598
5679,Thiruvalla,599
5680,Mallappally,599
5681,Ranni,599
5682,Kozhenchery,599
5683,Adoor,599
5684,Karunagappally,600
5685,Kunnathur,600
5686,Pathanapuram,600
5687,Kottarakkara,600
5688,Kollam,600
5689,Chirayinkeezhu,601
5690,Nedumangad,601
5691,Thiruvananthapuram,601
5692,Neyyattinkara,601
5693,Gummidipoondi,602
5694,Ponneri,602
5695,Uthukkottai,602
5696,Tiruttani,602
5697,Pallipattu,602
5698,Thiruvallur,602
5699,Poonamallee,602
5700,Ambattur,602
5701,Mathavaram,602
5702,Sriperumbudur,604
5703,Tambaram,604
5704,Alandur,604
5705,Sholinganallur,604
5706,Chengalpattu,604
5707,Kancheepuram,604
5708,Uthiramerur,604
5709,Tirukalukundram,604
5710,Maduranthakam,604
5711,Cheyyur,604
5712,Gudiyatham,605
5713,Katpadi,605
5714,Wallajah,605
5715,Arakonam,605
5716,Arcot,605
5717,Vellore,605
5718,Vaniyambadi,605
5719,Ambur,605
5720,Tirupathur,605
5721,Arani,606
5722,Cheyyar,606
5723,Vandavasi,606
5724,Polur,606
5725,Chengam,606
5726,Thandrampet,606
5727,Tiruvannamalai,606
5728,Gingee,607
5729,Tindivanam,607
5730,Vanur,607
5731,Viluppuram,607
5732,Tirukkoyilur,607
5733,Sankarapuram,607
5734,Kallakkurichi,607
5735,Ulundurpettai,607
5736,Mettur,608
5737,Omalur,608
5738,Edappadi,608
5739,Sankari,608
5740,Salem,608
5741,Yercaud,608
5742,Vazhapadi,608
5743,Attur,608
5744,Gangavalli,608
5745,Tiruchengode,609
5746,Rasipuram,609
5747,Namakkal,609
5748,Paramathi-Velur,609
5749,Sathyamangalam,610
5750,Bhavani,610
5751,Gobichettipalayam,610
5752,Perundurai,610
5753,Erode,610
5754,Panthalur,611
5755,Gudalur,611
5756,Udhagamandalam,611
5757,Kotagiri,611
5758,Coonoor,611
5759,Kundah,611
5760,Palani,612
5761,Oddanchatram,612
5762,Vedasandur,612
5763,Natham,612
5764,Dindigul,612
5765,Attur,612
5766,Kodaikanal,612
5767,Nilakkottai,612
5768,Aravakurichi,613
5769,Karur,613
5770,Krishnarayapuram,613
5771,Kulithalai,613
5772,Kadavur,613
5773,Thottiyam,614
5774,Musiri,614
5775,Thuraiyur,614
5776,Manachanallur,614
5777,Lalgudi,614
5778,Srirangam,614
5779,Tiruchirappalli,614
5780,Thiruverumbur,614
5781,Manapparai,614
5782,Veppanthattai,615
5783,Perambalur,615
5784,Kunnam,615
5785,Sendurai,616
5786,Udayarpalayam,616
5787,Ariyalur,616
5788,Panruti,617
5789,Cuddalore,617
5790,Kurinjipadi,617
5791,Chidambaram,617
5792,Kattumannarkoil,617
5793,Virudhachalam,617
5794,Tittakudi,617
5795,Sirkali,618
5796,Mayiladuthurai,618
5797,Kuthalam,618
5798,Tharangambadi,618
5799,Nagapattinam,618
5800,Kilvelur,618
5801,Thirukkuvalai,618
5802,Vedaranyam,618
5803,Valangaiman,619
5804,Kodavasal,619
5805,Nannilam,619
5806,Thiruvarur,619
5807,Needamangalam,619
5808,Mannargudi,619
5809,Thiruthuraipoondi,619
5810,Thiruvidaimarudur,620
5811,Kumbakonam,620
5812,Papanasam,620
5813,Thiruvaiyaru,620
5814,Thanjavur,620
5815,Orathanadu,620
5816,Pattukkottai,620
5817,Peravurani,620
5818,Iluppur,621
5819,Kulathur,621
5820,Gandarvakkottai,621
5821,Pudukkottai,621
5822,Thirumayam,621
5823,Ponnamaravathi,621
5824,Alangudi,621
5825,Karambakudi,621
5826,Aranthangi,621
5827,Manamelkudi,621
5828,Avudayarkoil,621
5829,Tirupathur,622
5830,Karaikkudi,622
5831,Devakottai,622
5832,Sivaganga,622
5833,Manamadurai,622
5834,Ilayangudi,622
5835,Melur,623
5836,Madurai North,623
5837,Vadipatti,623
5838,Usilampatti,623
5839,Peraiyur,623
5840,Thirumangalam,623
5841,Madurai South,623
5842,Bodinayakanur,624
5843,Periyakulam,624
5844,Theni,624
5845,Uthamapalayam,624
5846,Andipatti,624
5847,Rajapalayam,625
5848,Srivilliputhur,625
5849,Sivakasi,625
5850,Virudhunagar,625
5851,Kariapatti,625
5852,Tiruchuli,625
5853,Aruppukkottai,625
5854,Sattur,625
5855,Tiruvadanai,626
5856,Paramakudi,626
5857,Mudukulathur,626
5858,Kamuthi,626
5859,Kadaladi,626
5860,Ramanathapuram,626
5861,Rameswaram,626
5862,Kovilpatti,627
5863,Ettayapuram,627
5864,Vilathikulam,627
5865,Ottapidaram,627
5866,Thoothukkudi,627
5867,Srivaikuntam,627
5868,Tiruchendur,627
5869,Sathankulam,627
5870,Sivagiri,628
5871,Sankarankoil,628
5872,Veerakeralamputhur,628
5873,Tenkasi,628
5874,Shenkottai,628
5875,Alangulam,628
5876,Tirunelveli,628
5877,Palayamkottai,628
5878,Ambasamudram,628
5879,Nanguneri,628
5880,Radhapuram,628
5881,Vilavancode,629
5882,Kalkulam,629
5883,Thovala,629
5884,Agastheeswaram,629
5885,Palakkodu,630
5886,Harur,630
5887,Pappireddipatti,630
5888,Dharmapuri,630
5889,Pennagaram,630
5890,Hosur,631
5891,Krishnagiri,631
5892,Denkanikottai,631
5893,Pochampalli,631
5894,Uthangarai,631
5895,Mettupalayam,632
5896,Sulur,632
5897,Coimbatore North,632
5898,Coimbatore South,632
5899,Pollachi,632
5901,Kangeyam,633
5902,Dharapuram,633
5903,Avanashi,633
5904,Tiruppur,633
5905,Palladam,633
5906,Udumalaipettai,633
5907,Madathukulam,633
5909,Puducherry Taluk,635
5911,Villianur Taluk,635
5912,Bahour Taluk,635
5914,Karaikal Taluk,637
5915,Thirunallar Taluk,637
5916,Car Nicobar,638
5917,Nancowry,638
5918,Great Nicobar,638
5919,Diglipur,639
5920,Mayabunder,639
5921,Rangat,639
5922,Ferrargunj,640
5923,Port Blair,640
5924,Little Andaman,640
